<?xml version="1.0" encoding="UTF-8"?>
<root>
	<structure uuid="" type="F3\TYPO3\Domain\Model\Structure\Site" nodename="typoscripttestsite">
		<name>TypoScript Test Site</name>
		<state>1</state>
		<section name="default">
			<structure uuid="" type="F3\TYPO3\Domain\Model\Structure\ContentNode" nodename="homepage" locale="mul_ZZ">
				<content uuid="" type="F3\TYPO3\Domain\Model\Content\Page" locale="mul_ZZ">
					<title>Home</title>
				</content>
				<section name="main">
					<structure uuid="" type="F3\TYPO3\Domain\Model\Structure\ContentNode" nodename="text1" locale="mul_ZZ">
					</structure>
				</section>
			</structure>
		</section>
	</structure>
</root>
