{"modules":[{"config":{"position":[128,169]},"name":"New Model Object","value":{"actionGroup":{"_default0_list":true,"_default1_show":true,"_default2_new_create":true,"_default3_edit_update":true,"_default4_delete":false,"customActions":[]},"name":"Fo","objectsettings":{"aggregateRoot":true,"description":"","mapToTable":"","parentClass":"","sorting":false,"type":"Entity","uid":"490053300277"},"propertyGroup":{"properties":[{"propertyDescription":"","propertyIsExcludeField":false,"propertyIsRequired":false,"propertyName":"title","propertyType":"String","uid":"962947953476"},{"propertyDescription":"","propertyIsExcludeField":false,"propertyIsRequired":false,"propertyName":"description","propertyType":"String","uid":"193068416559"}]},"relationGroup":{"relations":[]}}}],"properties":{"backendModules":[],"description":"","emConf":{"category":"plugin","custom_category":"","dependsOn":"extbase => 6.0\nfluid => 6.0\ntypo3 => 6.0\n","disableLocalization":false,"disableVersioning":false,"priority":"","shy":false,"state":"alpha","targetVersion":"6.0","version":""},"extensionKey":"testoverride","name":"testoverride","originalExtensionKey":"","persons":[],"plugins":[{"actions":{"controllerActionCombinations":"","noncacheableActions":"","switchableActions":""},"key":"testoverride","name":"testoverride"}],"vendorName":"GeorgRinger"},"wires":[],"log":{"last_modified":"2013-07-08 01:38","extension_builder_version":"2.5.2","be_user":" (1)"}}