<?xml version="1.0" encoding="UTF-8"?>
<book version="5.0" xmlns="http://docbook.org/ns/docbook"
      xmlns:xl="http://www.w3.org/1999/xlink"
      xmlns:xi="http://www.w3.org/2001/XInclude"
      xmlns:xhtml="http://www.w3.org/1999/xhtml"
      xmlns:svg="http://www.w3.org/2000/svg"
      xmlns:ns="http://docbook.org/ns/docbook"
      xmlns:mathml="http://www.w3.org/1998/Math/MathML">

  <title>FLOW3</title>

  <info>
    <abstract>
      <para>FLOW3 is a modern application framework for enterprise-grade PHP
      applications. This reference describes FLOW3's main features.</para>
    </abstract>

    <author>
      <personname>
        <firstname>Robert</firstname>

        <surname>Lemke</surname>
      </personname>

      <email>robert@typo3.org</email>
    </author>

    <author>
      <personname>
        <firstname>Karsten</firstname>

        <surname>Dambekalns</surname>
      </personname>

      <email>karsten@typo3.org</email>
    </author>

    <copyright>
      <year>2007</year>

      <year>2008</year>

      <year>2009</year>

      <holder>Robert Lemke</holder>

      <holder>Karsten Dambekalns</holder>
    </copyright>
  </info>

  <!-- Chapters -->

  <xi:include href="Introduction.xml" />

  <xi:include href="FLOW3Bootstrap.xml" />

  <xi:include href="PackageManager.xml" />

  <xi:include href="ObjectFramework.xml" />

  <xi:include href="ConfigurationFramework.xml" />

  <xi:include href="ResourceManager.xml" />

  <xi:include href="MVCFramework.xml" />

  <xi:include href="CacheFramework.xml" />

  <xi:include href="ErrorException.xml" />

  <xi:include href="AOPFramework.xml" />

  <xi:include href="PersistenceFramework.xml" />

  <!-- Appendixes -->

  <xi:include href="AppendixCodingGuidelines.xml" />

</book>
