<T3DataStructure>
	<meta>
		<langDisable>1</langDisable>
	</meta>
	<sheets>
		<sDEF>
			<ROOT>
				<TCEforms>
					<sheetTitle>Setup</sheetTitle>
				</TCEforms>
				<type>array</type>
				<el>
					<settings.mediacenter>
						<TCEforms>
							<label>Files</label>
							<config>
								<type>inline</type>
								<foreign_table>sys_file_reference</foreign_table>
								<foreign_field>uid_foreign</foreign_field>
								<foreign_sortby>sorting_foreign</foreign_sortby>
								<foreign_table_field>tablenames</foreign_table_field>
								<foreign_match_fields type="array">
									<fieldname>mediacenter</fieldname>
								</foreign_match_fields>
								<foreign_label>uid_local</foreign_label>
								<foreign_selector>uid_local</foreign_selector>
								<foreign_selector_fieldTcaOverride type="array">
									<config type="array">
										<appearance type="array">
											<elementBrowserType>file</elementBrowserType>
											<elementBrowserAllowed>gif,jpg,jpeg,tif,tiff,bmp,pcx,tga,png,pdf,ai,mp4,webm,ogv,flv,pdf</elementBrowserAllowed>
										</appearance>
									</config>
								</foreign_selector_fieldTcaOverride>
								<filter type="array">
									<numIndex index="0" type="array">
										<userFunc>TYPO3\CMS\Core\Resource\Filter\FileExtensionFilter-&gt;filterInlineChildren</userFunc>
										<parameters type="array">
											<allowedFileExtensions>gif,jpg,jpeg,tif,tiff,bmp,pcx,tga,png,pdf,ai,mp4,webm,ogv,flv,pdf</allowedFileExtensions>
											<disallowedFileExtensions></disallowedFileExtensions>
										</parameters>
									</numIndex>
								</filter>
								<appearance type="array">
									<useSortable type="boolean">1</useSortable>
									<headerThumbnail type="array">
										<field>uid_local</field>
										<width>64</width>
										<height>64</height>
									</headerThumbnail>
									<showPossibleLocalizationRecords type="boolean">1</showPossibleLocalizationRecords>
									<showRemovedLocalizationRecords type="boolean">1</showRemovedLocalizationRecords>
									<showSynchronizationLink type="boolean">1</showSynchronizationLink>
									<enabledControls type="array">
										<info type="boolean"></info>
										<new type="boolean"></new>
										<dragdrop type="boolean">1</dragdrop>
										<sort type="boolean"></sort>
										<hide type="boolean">1</hide>
										<delete type="boolean">1</delete>
										<localize type="boolean">1</localize>
									</enabledControls>
									<createNewRelationLinkTitle>Add file</createNewRelationLinkTitle>
								</appearance>
								<behaviour type="array">
									<localizationMode>select</localizationMode>
									<localizeChildrenAtParentLocalization type="boolean">1</localizeChildrenAtParentLocalization>
								</behaviour>
								<foreign_types type="array">
									<numIndex index="0" type="array">
										<showitem>
											--palette--;LLL:EXT:lang/locallang_tca.xlf:sys_file_reference.imageoverlayPalette;imageoverlayPalette,
											--palette--;;filePalette</showitem>
									</numIndex>
									<numIndex index="1" type="array">
										<showitem>
											--palette--;LLL:EXT:lang/locallang_tca.xlf:sys_file_reference.imageoverlayPalette;imageoverlayPalette,
											--palette--;;filePalette</showitem>
									</numIndex>
									<numIndex index="2" type="array">
										<showitem>
											--palette--;LLL:EXT:lang/locallang_tca.xlf:sys_file_reference.imageoverlayPalette;imageoverlayPalette,
											--palette--;;filePalette</showitem>
									</numIndex>
									<numIndex index="3" type="array">
										<showitem>
											--palette--;LLL:EXT:lang/locallang_tca.xlf:sys_file_reference.imageoverlayPalette;imageoverlayPalette,
											--palette--;;filePalette</showitem>
									</numIndex>
									<numIndex index="4" type="array">
										<showitem>
											--palette--;LLL:EXT:lang/locallang_tca.xlf:sys_file_reference.imageoverlayPalette;imageoverlayPalette,
											--palette--;;filePalette</showitem>
									</numIndex>
									<numIndex index="5" type="array">
										<showitem>
											--palette--;LLL:EXT:lang/locallang_tca.xlf:sys_file_reference.imageoverlayPalette;imageoverlayPalette,
											--palette--;;filePalette</showitem>
									</numIndex>
								</foreign_types>
							</config>
						</TCEforms>
					</settings.mediacenter>
				</el>
			</ROOT>
		</sDEF>
	</sheets>
</T3DataStructure>