"uid","pid","tstamp","crdate","cruser_id","deleted","t3ver_oid","t3ver_id","t3ver_wsid","t3ver_label","t3ver_state","t3ver_stage","t3ver_count","t3ver_tstamp","t3ver_move_id","t3_origuid","type","storage","identifier","extension","mime_type","name","title","sha1","size","creation_date","modification_date","width","height","description","alternative"
1,0,1362409564,1362409564,0,0,0,0,0,"",0,0,0,0,0,0,"0",1,"/_migrated/pics/vitodata_nord2.jpg","jpg","","vitodata_nord2.jpg","","a9d63e4308859589a1ef857d6fda635791494cdc",150126,1362400170,1355395810,0,0,"",""
2,0,1362409564,1362409564,0,0,0,0,0,"",0,0,0,0,0,0,"0",1,"/_migrated/pics/vitodata_west_01.jpg","jpg","","vitodata_west_01.jpg","","dbcf24cb9c951782bae94f969bbc49a62f722af7",298578,1347036691,1345121888,0,0,"",""
3,0,1362409564,1362409564,0,0,0,0,0,"",0,0,0,0,0,0,"0",1,"/_migrated/pics/vitodata_ost2.jpg","jpg","","vitodata_ost2.jpg","","5becb204da0e4fb59bd4db8fbd80828225849622",169282,1362400170,1355396033,0,0,"",""
4,0,1362409564,1362409564,0,0,0,0,0,"",0,0,0,0,0,0,"0",1,"/_migrated/pics/vitodata_zentral.jpg","jpg","","vitodata_zentral.jpg","","5f4f701c3e150815d223a35c1660cd4f4cdbbfee",140000,1362400171,1355396111,0,0,"",""
5,0,1362409564,1362409564,0,0,0,0,0,"",0,0,0,0,0,0,"0",1,"/_migrated/pics/standort_ohringen.jpg","jpg","","standort_ohringen.jpg","","7dcf0541d5110db7f201bb69ea1f334778eeb723",57954,1347036690,1342873839,0,0,"",""
6,0,1362409564,1362409564,0,0,0,0,0,"",0,0,0,0,0,0,"0",1,"/_migrated/pics/404.jpg","jpg","","404.jpg","","57596b0fbdd161776e6e351afbd07744069d13d2",29205,1347036690,1343123308,0,0,"",""
7,0,1362409564,1362409564,0,0,0,0,0,"",0,0,0,0,0,0,"0",1,"/_migrated/pics/vitodata.png","png","","vitodata.png","","e57729d5e824f9b999250c2de9323b3c146a1502",148645,1347036690,1343407500,0,0,"",""
8,0,1362409564,1362409564,0,0,0,0,0,"",0,0,0,0,0,0,"0",1,"/_migrated/pics/vitodata_hardware.jpg","jpg","","vitodata_hardware.jpg","","161e780f1916e0dbdf659cf07e389ca4edaff3bc",143299,1362400170,1355401031,0,0,"",""
9,0,1362409564,1362409564,0,0,0,0,0,"",0,0,0,0,0,0,"0",1,"/_migrated/pics/Biel.png","png","","Biel.png","","fa789233a622552086981f895446cf3405fe68f4",59040,1347036690,1343219612,0,0,"",""
10,0,1362409564,1362409564,0,0,0,0,0,"",0,0,0,0,0,0,"0",1,"/_migrated/pics/vitodata_schulung2.jpg","jpg","","vitodata_schulung2.jpg","","90f3528f7c1139d07bd07c453254b9fdfc72734e",178222,1362400170,1355400881,0,0,"",""
11,0,1362409564,1362409564,0,0,0,0,0,"",0,0,0,0,0,0,"0",1,"/_migrated/pics/Organigramm2.png","png","","Organigramm2.png","","8b71187ece150caa6d761a9548befac9b04d8d81",23900,1362400170,1355397417,0,0,"",""
12,0,1362409564,1362409564,0,0,0,0,0,"",0,0,0,0,0,0,"0",1,"/_migrated/pics/GL_01.jpg","jpg","","GL_01.jpg","","85cb24901426751b26849ae66c3501194f6ac928",169999,1347036690,1343412839,0,0,"",""
13,0,1362409564,1362409564,0,0,0,0,0,"",0,0,0,0,0,0,"0",1,"/_migrated/pics/vitodata_ost.jpg","jpg","","vitodata_ost.jpg","","2f79055ee5dc760233cc75360599b18f003b955e",271649,1347036691,1343483483,0,0,"",""
14,0,1362409564,1362409564,0,0,0,0,0,"",0,0,0,0,0,0,"0",1,"/_migrated/pics/vitodata_nord.jpg","jpg","","vitodata_nord.jpg","","6bedaef33b874a4752c35f739c607c03fbbd4462",275016,1347036691,1343484063,0,0,"",""
15,0,1362409564,1362409564,0,0,0,0,0,"",0,0,0,0,0,0,"0",1,"/_migrated/pics/vitodata_west.jpg","jpg","","vitodata_west.jpg","","dbcf24cb9c951782bae94f969bbc49a62f722af7",298578,1347036691,1343484178,0,0,"",""
16,0,1362409564,1362409564,0,0,0,0,0,"",0,0,0,0,0,0,"0",1,"/_migrated/pics/Biel_01.png","png","","Biel_01.png","","fa789233a622552086981f895446cf3405fe68f4",59040,1347036690,1343486408,0,0,"",""
17,0,1362409564,1362409564,0,0,0,0,0,"",0,0,0,0,0,0,"0",1,"/_migrated/pics/standort_ohringen_01.jpg","jpg","","standort_ohringen_01.jpg","","7dcf0541d5110db7f201bb69ea1f334778eeb723",57954,1347036690,1343486408,0,0,"",""
18,0,1362409564,1362409564,0,0,0,0,0,"",0,0,0,0,0,0,"0",1,"/_migrated/pics/Filial_png.png","png","","Filial_png.png","","a179d7e46306316bcc3089427adc68e335d03a53",90719,1347036690,1343487436,0,0,"",""
19,0,1362409564,1362409564,0,0,0,0,0,"",0,0,0,0,0,0,"0",1,"/_migrated/pics/gold250.png","png","","gold250.png","","2fb02980f5d3ff6d0d8320b9f5eb8f5fdd8ca6d7",9282,1347036690,1343642830,0,0,"",""
20,0,1362409564,1362409564,0,0,0,0,0,"",0,0,0,0,0,0,"0",1,"/_migrated/pics/Dell_Preferred_Partner_logo_250.png","png","","Dell_Preferred_Partner_logo_250.png","","e9712c6d7007bef36545ca95c2bd6a3801471c42",9428,1347036690,1343648159,0,0,"",""
21,0,1362409564,1362409564,0,0,0,0,0,"",0,0,0,0,0,0,"0",1,"/_migrated/pics/Logos_-_TERRA_Premium_Partner_Pfad250_01.jpg","jpg","","Logos_-_TERRA_Premium_Partner_Pfad250_01.jpg","","c136cd2bae594d7404b9c9775e1c6dd53d8f0ab1",44925,1362400170,1360586406,0,0,"",""
22,0,1362409564,1362409564,0,0,0,0,0,"",0,0,0,0,0,0,"0",1,"/_migrated/pics/avira_250.png","png","","avira_250.png","","cc93efe777e1f374580592fe42d59553807dfdc6",16878,1347036690,1343649533,0,0,"",""
23,0,1362409564,1362409564,0,0,0,0,0,"",0,0,0,0,0,0,"0",1,"/_migrated/pics/Channel_GOLD_Sonicwall_250.jpg","jpg","","Channel_GOLD_Sonicwall_250.jpg","","c8b741db5ded293ca6b2f646195ff710b4954834",12254,1347036690,1343914500,0,0,"",""
24,0,1362409564,1362409564,0,0,0,0,0,"",0,0,0,0,0,0,"0",1,"/_migrated/pics/Vignette_d_100.jpg","jpg","","Vignette_d_100.jpg","","6665950fff0c35aec3a0fa303abe6b4611afa9b8",5301,1347036690,1343657166,0,0,"",""
25,0,1362409564,1362409564,0,0,0,0,0,"",0,0,0,0,0,0,"0",1,"/_migrated/pics/standort_ohringen2.jpg","jpg","","standort_ohringen2.jpg","","9b912572fa5d1d7a946e09f3f51b5fc661a16cec",192649,1362400170,1355396306,0,0,"",""
26,0,1362409564,1362409564,0,0,0,0,0,"",0,0,0,0,0,0,"0",1,"/_migrated/pics/vitodata_01.png","png","","vitodata_01.png","","e57729d5e824f9b999250c2de9323b3c146a1502",148645,1347036690,1344595667,0,0,"",""
27,0,1362409564,1362409564,0,0,0,0,0,"",0,0,0,0,0,0,"0",1,"/_migrated/pics/Immensee.png","png","","Immensee.png","","9da6872bf6ef16c739d7c34cf00b7bd8f8b8c130",55157,1347036690,1344597146,0,0,"",""
28,0,1362409564,1362409564,0,0,0,0,0,"",0,0,0,0,0,0,"0",1,"/_migrated/pics/vitodata_02.png","png","","vitodata_02.png","","e57729d5e824f9b999250c2de9323b3c146a1502",148645,1347036690,1345185403,0,0,"",""
29,0,1362409564,1362409564,0,0,0,0,0,"",0,0,0,0,0,0,"0",1,"/_migrated/pics/GL.jpg","jpg","","GL.jpg","","85cb24901426751b26849ae66c3501194f6ac928",169999,1347036690,1345194245,0,0,"",""
30,0,1362409564,1362409564,0,0,0,0,0,"",0,0,0,0,0,0,"0",1,"/_migrated/pics/vitodata_gl3.jpg","jpg","","vitodata_gl3.jpg","","20a10ec9de03191293b3ec52878e891022d59f93",174868,1362400170,1355396424,0,0,"",""
31,0,1362409564,1362409564,0,0,0,0,0,"",0,0,0,0,0,0,"0",1,"/_migrated/pics/Organigramm_02.png","png","","Organigramm_02.png","","1a7a48b266a1546063d43c2d46cbaaac5e11c850",78836,1347036690,1345204555,0,0,"",""
32,0,1362409564,1362409564,0,0,0,0,0,"",0,0,0,0,0,0,"0",1,"/_migrated/pics/vitodata_03.png","png","","vitodata_03.png","","e57729d5e824f9b999250c2de9323b3c146a1502",148645,1347036690,1345217493,0,0,"",""
33,0,1362409564,1362409564,0,0,0,0,0,"",0,0,0,0,0,0,"0",1,"/_migrated/pics/vitodata_04.png","png","","vitodata_04.png","","e57729d5e824f9b999250c2de9323b3c146a1502",148645,1347036690,1345217493,0,0,"",""
34,0,1362409564,1362409564,0,0,0,0,0,"",0,0,0,0,0,0,"0",1,"/_migrated/pics/vitodata_05.png","png","","vitodata_05.png","","e57729d5e824f9b999250c2de9323b3c146a1502",148645,1347036691,1345217493,0,0,"",""
35,0,1362409564,1362409564,0,0,0,0,0,"",0,0,0,0,0,0,"0",1,"/_migrated/pics/vitodata_hardware_01.jpg","jpg","","vitodata_hardware_01.jpg","","161e780f1916e0dbdf659cf07e389ca4edaff3bc",143299,1362400170,1356007504,0,0,"",""
36,0,1362409564,1362409564,0,0,0,0,0,"",0,0,0,0,0,0,"0",1,"/_migrated/pics/vitodata_schulung2_01.jpg","jpg","","vitodata_schulung2_01.jpg","","90f3528f7c1139d07bd07c453254b9fdfc72734e",178222,1362400171,1356007449,0,0,"",""
37,0,1362409564,1362409564,0,0,0,0,0,"",0,0,0,0,0,0,"0",1,"/_migrated/pics/Organigramm_03.png","png","","Organigramm_03.png","","1a7a48b266a1546063d43c2d46cbaaac5e11c850",78836,1347036690,1345718566,0,0,"",""
38,0,1362409564,1362409564,0,0,0,0,0,"",0,0,0,0,0,0,"0",1,"/_migrated/pics/Immensee_01.png","png","","Immensee_01.png","","9da6872bf6ef16c739d7c34cf00b7bd8f8b8c130",55157,1347036690,1345718601,0,0,"",""
39,0,1362409564,1362409564,0,0,0,0,0,"",0,0,0,0,0,0,"0",1,"/_migrated/pics/Biel_02.png","png","","Biel_02.png","","fa789233a622552086981f895446cf3405fe68f4",59040,1347036690,1345718601,0,0,"",""
40,0,1362409564,1362409564,0,0,0,0,0,"",0,0,0,0,0,0,"0",1,"/_migrated/pics/standort_ohringen_02.jpg","jpg","","standort_ohringen_02.jpg","","7dcf0541d5110db7f201bb69ea1f334778eeb723",57954,1347036690,1345718602,0,0,"",""
41,0,1362409564,1362409564,0,0,0,0,0,"",0,0,0,0,0,0,"0",1,"/_migrated/pics/Filial_png_01.png","png","","Filial_png_01.png","","a179d7e46306316bcc3089427adc68e335d03a53",90719,1347036690,1345718602,0,0,"",""
42,0,1362409564,1362409564,0,0,0,0,0,"",0,0,0,0,0,0,"0",1,"/_migrated/pics/vitodata_ost2_01.jpg","jpg","","vitodata_ost2_01.jpg","","5becb204da0e4fb59bd4db8fbd80828225849622",169282,1362400170,1356008017,0,0,"",""
43,0,1362409564,1362409564,0,0,0,0,0,"",0,0,0,0,0,0,"0",1,"/_migrated/pics/vitodata_west_02.jpg","jpg","","vitodata_west_02.jpg","","dbcf24cb9c951782bae94f969bbc49a62f722af7",298578,1347036691,1345718602,0,0,"",""
44,0,1362409564,1362409564,0,0,0,0,0,"",0,0,0,0,0,0,"0",1,"/_migrated/pics/vitodata_nord2_01.jpg","jpg","","vitodata_nord2_01.jpg","","a9d63e4308859589a1ef857d6fda635791494cdc",150126,1362400170,1356007931,0,0,"",""
45,0,1362409564,1362409564,0,0,0,0,0,"",0,0,0,0,0,0,"0",1,"/_migrated/pics/Biel_03.png","png","","Biel_03.png","","fa789233a622552086981f895446cf3405fe68f4",59040,1347036690,1345718622,0,0,"",""
46,0,1362409564,1362409564,0,0,0,0,0,"",0,0,0,0,0,0,"0",1,"/_migrated/pics/standort_ohringen_03.jpg","jpg","","standort_ohringen_03.jpg","","7dcf0541d5110db7f201bb69ea1f334778eeb723",57954,1347036690,1345718622,0,0,"",""
47,0,1362409564,1362409564,0,0,0,0,0,"",0,0,0,0,0,0,"0",1,"/_migrated/pics/aussenansicht_ohringen.jpg","jpg","","aussenansicht_ohringen.jpg","","9b912572fa5d1d7a946e09f3f51b5fc661a16cec",192649,1362400170,1356007345,0,0,"",""
48,0,1362409564,1362409564,0,0,0,0,0,"",0,0,0,0,0,0,"0",1,"/_migrated/pics/Vignette_d_100_01.jpg","jpg","","Vignette_d_100_01.jpg","","6665950fff0c35aec3a0fa303abe6b4611afa9b8",5301,1347036690,1345728363,0,0,"",""
49,0,1362409564,1362409564,0,0,0,0,0,"",0,0,0,0,0,0,"0",1,"/_migrated/pics/Terra_AiO_weiss_01.jpg","jpg","","Terra_AiO_weiss_01.jpg","","f61bfe5c6af33cedafb2100b990b0b2bd420f317",267963,1347036690,1345729111,0,0,"",""
50,0,1362409564,1362409564,0,0,0,0,0,"",0,0,0,0,0,0,"0",1,"/_migrated/pics/Immensee_02.png","png","","Immensee_02.png","","9da6872bf6ef16c739d7c34cf00b7bd8f8b8c130",55157,1347036690,1346935164,0,0,"",""
51,0,1362409564,1362409564,0,0,0,0,0,"",0,0,0,0,0,0,"0",1,"/_migrated/pics/Biel_04.png","png","","Biel_04.png","","fa789233a622552086981f895446cf3405fe68f4",59040,1347036690,1346935164,0,0,"",""
52,0,1362409564,1362409564,0,0,0,0,0,"",0,0,0,0,0,0,"0",1,"/_migrated/pics/standort_ohringen_04.jpg","jpg","","standort_ohringen_04.jpg","","7dcf0541d5110db7f201bb69ea1f334778eeb723",57954,1347036690,1346935164,0,0,"",""
53,0,1362409564,1362409564,0,0,0,0,0,"",0,0,0,0,0,0,"0",1,"/_migrated/pics/Organigramm2_01.png","png","","Organigramm2_01.png","","8b71187ece150caa6d761a9548befac9b04d8d81",23900,1362400170,1356007246,0,0,"",""
54,0,1362409564,1362409564,0,0,0,0,0,"",0,0,0,0,0,0,"0",1,"/_migrated/pics/GL_03.jpg","jpg","","GL_03.jpg","","85cb24901426751b26849ae66c3501194f6ac928",169999,1347036690,1346940482,0,0,"",""
55,0,1362409564,1362409564,0,0,0,0,0,"",0,0,0,0,0,0,"0",1,"/_migrated/pics/GL_04.jpg","jpg","","GL_04.jpg","","85cb24901426751b26849ae66c3501194f6ac928",169999,1347036690,1346941253,0,0,"",""
56,0,1362409564,1362409564,0,0,0,0,0,"",0,0,0,0,0,0,"0",1,"/_migrated/pics/GL_05.jpg","jpg","","GL_05.jpg","","85cb24901426751b26849ae66c3501194f6ac928",169999,1347036690,1346941414,0,0,"",""
57,0,1362409564,1362409564,0,0,0,0,0,"",0,0,0,0,0,0,"0",1,"/_migrated/pics/vitodata_gl3_01.jpg","jpg","","vitodata_gl3_01.jpg","","20a10ec9de03191293b3ec52878e891022d59f93",174868,1362400170,1356007209,0,0,"",""
58,0,1362409564,1362409564,0,0,0,0,0,"",0,0,0,0,0,0,"0",1,"/_migrated/pics/DICOM.jpg","jpg","","DICOM.jpg","","bc554a6391c9ba378dd4dbdffcb2578cccaf841c",42350,1362400170,1350026121,0,0,"",""
59,0,1362409564,1362409564,0,0,0,0,0,"",0,0,0,0,0,0,"0",1,"/_migrated/pics/Immensee.jpg","jpg","","Immensee.jpg","","6b633484bdb070f6816ae9b35c9a3fc9faa9e00d",134615,1362400170,1358241557,0,0,"",""
60,0,1362409564,1362409564,0,0,0,0,0,"",0,0,0,0,0,0,"0",1,"/_migrated/pics/vitodata_zentral_01.jpg","jpg","","vitodata_zentral_01.jpg","","5f4f701c3e150815d223a35c1660cd4f4cdbbfee",140000,1362400171,1356007616,0,0,"",""
61,0,1362409564,1362409564,0,0,0,0,0,"",0,0,0,0,0,0,"0",1,"/_migrated/pics/Immensee_01.jpg","jpg","","Immensee_01.jpg","","6b633484bdb070f6816ae9b35c9a3fc9faa9e00d",134615,1362400170,1359621539,0,0,"",""
62,0,1362409564,1362409564,0,0,0,0,0,"",0,0,0,0,0,0,"0",1,"/_migrated/pics/LucaKind.png","png","","LucaKind.png","","3feea9eb0842db28a75892ec620c9d48a21fdae2",51588,1362400170,1360318198,0,0,"",""
63,0,1362409564,1362409564,0,0,0,0,0,"",0,0,0,0,0,0,"0",1,"/_migrated/pics/Agenda.png","png","","Agenda.png","","9ef8a3bb21ba4312f8331677bc359bfda7de1a92",57900,1362400170,1360318751,0,0,"",""
64,0,1362409564,1362409564,0,0,0,0,0,"",0,0,0,0,0,0,"0",1,"/_migrated/pics/Immensee_03.jpg","jpg","","Immensee_03.jpg","","6b633484bdb070f6816ae9b35c9a3fc9faa9e00d",134615,1362400170,1361525800,0,0,"",""
65,0,1362409564,1362409564,0,0,0,0,0,"",0,0,0,0,0,0,"0",1,"/_migrated/pics/logo_e_rezept.jpg","jpg","","logo_e_rezept.jpg","","5a4dfd09d678f95f6d81a6639ba7ccb767d881dc",125498,1362400170,1362132528,0,0,"",""
66,0,1362409564,1362409564,0,0,0,0,0,"",0,0,0,0,0,0,"0",1,"/_migrated/pics/logo_xp.jpg","jpg","","logo_xp.jpg","","c5242a309459ca3d2558c4e1daf68a2e0d3cca97",28277,1362400170,1362138387,0,0,"",""
67,0,1362409706,1362409706,0,0,0,0,0,"",0,0,0,0,0,0,"0",0,"/typo3/sysext/about/ext_icon.gif","gif","","ext_icon.gif","","359ae0fb420fe8afe1a8b8bc5e46d75090a826b9",637,1347036373,1360857030,0,0,"",""
68,0,1362409706,1362409706,0,0,0,0,0,"",0,0,0,0,0,0,"0",0,"/typo3/sysext/aboutmodules/ext_icon.gif","gif","","ext_icon.gif","","9d5fc8f9fab3a3efa46c1842d4f82da55cc93a7f",642,1347036374,1360857030,0,0,"",""
69,0,1362409706,1362409706,0,0,0,0,0,"",0,0,0,0,0,0,"0",0,"/typo3/sysext/adodb/ext_icon.gif","gif","","ext_icon.gif","","2a54cd4dd32062ae916a12fedfee81c91cd94766",1030,1347036374,1360857030,0,0,"",""
70,0,1362409706,1362409706,0,0,0,0,0,"",0,0,0,0,0,0,"0",0,"/typo3/sysext/backend/ext_icon.png","png","","ext_icon.png","","fba9573807897088b0e67958a5f5d1ea96a50fae",344,1362405412,1360857030,0,0,"",""
71,0,1362409706,1362409706,0,0,0,0,0,"",0,0,0,0,0,0,"0",0,"/typo3/sysext/belog/ext_icon.gif","gif","","ext_icon.gif","","ee7d55af61353254b82c663a3b532c53ee7324c7",359,1347036378,1360857030,0,0,"",""
72,0,1362409706,1362409706,0,0,0,0,0,"",0,0,0,0,0,0,"0",0,"/typo3/sysext/beuser/ext_icon.gif","gif","","ext_icon.gif","","18ea9ee90f8537b1411a9053de731c6d61de0dbd",157,1347036378,1360857030,0,0,"",""
73,0,1362409706,1362409706,0,0,0,0,0,"",0,0,0,0,0,0,"0",0,"/typo3/sysext/cms/ext_icon.gif","gif","","ext_icon.gif","","55d721454b6ae200c9512cc320a7f8c07a4a648e",357,1347036378,1360857030,0,0,"",""
74,0,1362409706,1362409706,0,0,0,0,0,"",0,0,0,0,0,0,"0",0,"/typo3/sysext/context_help/ext_icon.gif","gif","","ext_icon.gif","","3bf69d49b8f991557bdc7430d533e3cd0794234a",619,1347036387,1360857030,0,0,"",""
75,0,1362409706,1362409706,0,0,0,0,0,"",0,0,0,0,0,0,"0",0,"/typo3/sysext/core/ext_icon.png","png","","ext_icon.png","","fba9573807897088b0e67958a5f5d1ea96a50fae",344,1362405415,1360857030,0,0,"",""
76,0,1362409706,1362409706,0,0,0,0,0,"",0,0,0,0,0,0,"0",0,"/typo3/sysext/cshmanual/ext_icon.gif","gif","","ext_icon.gif","","a863b8384991b598fffd6c7a3f301457ba6d49cb",1051,1347036388,1360857030,0,0,"",""
77,0,1362409706,1362409706,0,0,0,0,0,"",0,0,0,0,0,0,"0",0,"/typo3/sysext/css_styled_content/ext_icon.gif","gif","","ext_icon.gif","","0a78cb0d24ff27b8e1183e39d5ac6562a6e545ad",142,1347036388,1360857030,0,0,"",""
78,0,1362409706,1362409706,0,0,0,0,0,"",0,0,0,0,0,0,"0",0,"/typo3/sysext/dbal/ext_icon.gif","gif","","ext_icon.gif","","2feadd53a6ebcde933910d6a9ee9b00d1c4dcda6",622,1347036389,1360857032,0,0,"",""
79,0,1362409706,1362409706,0,0,0,0,0,"",0,0,0,0,0,0,"0",0,"/typo3/sysext/em/ext_icon.gif","gif","","ext_icon.gif","","e67da46684aa49e6991ded936467fc063936032e",614,1347036389,1360856470,0,0,"",""
80,0,1362409706,1362409706,0,0,0,0,0,"",0,0,0,0,0,0,"0",0,"/typo3/sysext/extbase/ext_icon.gif","gif","","ext_icon.gif","","23c189072cfe4edf1eb5038e4ebc62b013ccd57b",177,1347036391,1360857032,0,0,"",""
81,0,1362409706,1362409706,0,0,0,0,0,"",0,0,0,0,0,0,"0",0,"/typo3/sysext/extensionmanager/ext_icon.gif","gif","","ext_icon.gif","","e67da46684aa49e6991ded936467fc063936032e",614,1362405423,1360857030,0,0,"",""
82,0,1362409706,1362409706,0,0,0,0,0,"",0,0,0,0,0,0,"0",0,"/typo3/sysext/extra_page_cm_options/ext_icon.gif","gif","","ext_icon.gif","","a99cc2f0e36d9b7a146e703ad57a485096c70e5d",241,1347036399,1360857030,0,0,"",""
83,0,1362409706,1362409706,0,0,0,0,0,"",0,0,0,0,0,0,"0",0,"/typo3/sysext/feedit/ext_icon.gif","gif","","ext_icon.gif","","0d19ca588b292b1e94aefb6fed4e8f2db3e97433",110,1347036399,1360857030,0,0,"",""
84,0,1362409706,1362409706,0,0,0,0,0,"",0,0,0,0,0,0,"0",0,"/typo3/sysext/felogin/ext_icon.gif","gif","","ext_icon.gif","","3e627f00b843d94e3905b4fa490e6d41bdf9c969",194,1347036399,1360857030,0,0,"",""
85,0,1362409706,1362409706,0,0,0,0,0,"",0,0,0,0,0,0,"0",0,"/typo3/sysext/filelist/ext_icon.gif","gif","","ext_icon.gif","","8ee012fc11e8da3042bc9a4df1e52109406b0c59",227,1347036399,1360857030,0,0,"",""
86,0,1362409706,1362409706,0,0,0,0,0,"",0,0,0,0,0,0,"0",0,"/typo3/sysext/fluid/ext_icon.gif","gif","","ext_icon.gif","","23c189072cfe4edf1eb5038e4ebc62b013ccd57b",177,1347036399,1360857032,0,0,"",""
87,0,1362409706,1362409706,0,0,0,0,0,"",0,0,0,0,0,0,"0",0,"/typo3/sysext/form/ext_icon.gif","gif","","ext_icon.gif","","9c735e89a469f015a4a1c43b3450c783dba8cbe4",622,1347036404,1360857030,0,0,"",""
88,0,1362409706,1362409706,0,0,0,0,0,"",0,0,0,0,0,0,"0",0,"/typo3/sysext/frontend/ext_icon.png","png","","ext_icon.png","","fba9573807897088b0e67958a5f5d1ea96a50fae",344,1362405434,1360857030,0,0,"",""
89,0,1362409706,1362409706,0,0,0,0,0,"",0,0,0,0,0,0,"0",0,"/typo3/sysext/func/ext_icon.gif","gif","","ext_icon.gif","","530725c4a56f8b5b72efd09e6f7cf594f896e8e5",118,1347036412,1360857030,0,0,"",""
90,0,1362409706,1362409706,0,0,0,0,0,"",0,0,0,0,0,0,"0",0,"/typo3/sysext/func_wizards/ext_icon.gif","gif","","ext_icon.gif","","5f4b36af8d29685a9bc44d425104a49334c6d34e",565,1347036412,1360857030,0,0,"",""
91,0,1362409706,1362409706,0,0,0,0,0,"",0,0,0,0,0,0,"0",0,"/typo3/sysext/impexp/ext_icon.gif","gif","","ext_icon.gif","","21aa38a8577e0c6539a1dcf6bd880c381ec1de46",229,1347036412,1360857030,0,0,"",""
92,0,1362409706,1362409706,0,0,0,0,0,"",0,0,0,0,0,0,"0",0,"/typo3/sysext/indexed_search/ext_icon.gif","gif","","ext_icon.gif","","3b1186bfb3b1fe3ed608f68a80949b20e7414a23",90,1347036413,1360857030,0,0,"",""
93,0,1362409706,1362409706,0,0,0,0,0,"",0,0,0,0,0,0,"0",0,"/typo3/sysext/indexed_search_mysql/ext_icon.gif","gif","","ext_icon.gif","","3b1186bfb3b1fe3ed608f68a80949b20e7414a23",90,1347036414,1360857030,0,0,"",""
94,0,1362409706,1362409706,0,0,0,0,0,"",0,0,0,0,0,0,"0",0,"/typo3/sysext/info/ext_icon.gif","gif","","ext_icon.gif","","d4e3ec69f6c7e02f9d2c5d749024bf46ab0c22e1",1000,1347036414,1360857030,0,0,"",""
95,0,1362409706,1362409706,0,0,0,0,0,"",0,0,0,0,0,0,"0",0,"/typo3/sysext/info_pagetsconfig/ext_icon.gif","gif","","ext_icon.gif","","fb0fb3390936ad820c5b7436cd87d442123bd33d",619,1347036414,1360857030,0,0,"",""
96,0,1362409706,1362409706,0,0,0,0,0,"",0,0,0,0,0,0,"0",0,"/typo3/sysext/install/ext_icon.gif","gif","","ext_icon.gif","","1e092ba01ec0babe2fe1b22b67c45de899c484c8",601,1347036414,1360857030,0,0,"",""
97,0,1362409706,1362409706,0,0,0,0,0,"",0,0,0,0,0,0,"0",0,"/typo3/sysext/lang/ext_icon.gif","gif","","ext_icon.gif","","f35e159406d07c9675830bc51ef14a210f1cab1f",581,1362405439,1360857030,0,0,"",""
98,0,1362409706,1362409706,0,0,0,0,0,"",0,0,0,0,0,0,"0",0,"/typo3/sysext/linkvalidator/ext_icon.gif","gif","","ext_icon.gif","","cdada35018dfbdd57e6442ea038a0314677d9114",918,1347036420,1360857032,0,0,"",""
99,0,1362409706,1362409706,0,0,0,0,0,"",0,0,0,0,0,0,"0",0,"/typo3/sysext/lowlevel/ext_icon.gif","gif","","ext_icon.gif","","c182aec01a3225de5f72ef272d0e8a59ec670d93",82,1347036421,1360857030,0,0,"",""
100,0,1362409706,1362409706,0,0,0,0,0,"",0,0,0,0,0,0,"0",0,"/typo3/sysext/opendocs/ext_icon.gif","gif","","ext_icon.gif","","54f00d2070213715d290f2f813601a27c5277869",84,1347036421,1360857030,0,0,"",""
101,0,1362409706,1362409706,0,0,0,0,0,"",0,0,0,0,0,0,"0",0,"/typo3/sysext/openid/ext_icon.gif","gif","","ext_icon.gif","","734c40675f05fd730cea8e39c77af5eb47cc4d9b",346,1347036421,1360857030,0,0,"",""
102,0,1362409706,1362409706,0,0,0,0,0,"",0,0,0,0,0,0,"0",0,"/typo3/sysext/perm/ext_icon.gif","gif","","ext_icon.gif","","03717e1ac333d0bef7a33a3ceff1305ef6deecbc",733,1347036423,1360857030,0,0,"",""
103,0,1362409706,1362409706,0,0,0,0,0,"",0,0,0,0,0,0,"0",0,"/typo3/sysext/recordlist/ext_icon.gif","gif","","ext_icon.gif","","332e96b6dac59bffa4dbf87137e1fee4f44bd5d3",129,1347036423,1360857030,0,0,"",""
104,0,1362409706,1362409706,0,0,0,0,0,"",0,0,0,0,0,0,"0",0,"/typo3/sysext/recycler/ext_icon.gif","gif","","ext_icon.gif","","1861cc8eecb71a20e757de83386ba3841ab4da1d",349,1347036423,1360857030,0,0,"",""
105,0,1362409706,1362409706,0,0,0,0,0,"",0,0,0,0,0,0,"0",0,"/typo3/sysext/reports/ext_icon.gif","gif","","ext_icon.gif","","ee7d55af61353254b82c663a3b532c53ee7324c7",359,1347036424,1360857030,0,0,"",""
106,0,1362409706,1362409706,0,0,0,0,0,"",0,0,0,0,0,0,"0",0,"/typo3/sysext/rsaauth/ext_icon.gif","gif","","ext_icon.gif","","70c2aab11e104ec14fc3934f28201630d0935b8a",850,1347036424,1360857030,0,0,"",""
107,0,1362409706,1362409706,0,0,0,0,0,"",0,0,0,0,0,0,"0",0,"/typo3/sysext/rtehtmlarea/ext_icon.gif","gif","","ext_icon.gif","","5061eebad398d086cc5dfafb2182c159a723af56",161,1347036425,1360857030,0,0,"",""
108,0,1362409706,1362409706,0,0,0,0,0,"",0,0,0,0,0,0,"0",0,"/typo3/sysext/saltedpasswords/ext_icon.gif","gif","","ext_icon.gif","","a6a08a082b189dd1f669595ac91fc90fde913e23",282,1347036434,1360857030,0,0,"",""
109,0,1362409706,1362409706,0,0,0,0,0,"",0,0,0,0,0,0,"0",0,"/typo3/sysext/scheduler/ext_icon.gif","gif","","ext_icon.gif","","405729c40df7f0e38105583492a8d33bae1db0fe",667,1347036434,1360857030,0,0,"",""
110,0,1362409706,1362409706,0,0,0,0,0,"",0,0,0,0,0,0,"0",0,"/typo3/sysext/setup/ext_icon.gif","gif","","ext_icon.gif","","efba11523cbede8368582445e9036f4eab580d3f",231,1347036435,1360857030,0,0,"",""
111,0,1362409706,1362409706,0,0,0,0,0,"",0,0,0,0,0,0,"0",0,"/typo3/sysext/statictemplates/ext_icon.gif","gif","","ext_icon.gif","","7fead63028fde7503475b6121751df8a634bde61",369,1347036436,1360857030,0,0,"",""
112,0,1362409706,1362409706,0,0,0,0,0,"",0,0,0,0,0,0,"0",0,"/typo3/sysext/sv/ext_icon.gif","gif","","ext_icon.gif","","55d721454b6ae200c9512cc320a7f8c07a4a648e",357,1347036442,1360857030,0,0,"",""
113,0,1362409706,1362409706,0,0,0,0,0,"",0,0,0,0,0,0,"0",0,"/typo3/sysext/sys_action/ext_icon.gif","gif","","ext_icon.gif","","fdd57620b7a3a3e9755595363fa207af86f598ff",630,1347036442,1360857030,0,0,"",""
114,0,1362409706,1362409706,0,0,0,0,0,"",0,0,0,0,0,0,"0",0,"/typo3/sysext/sys_note/ext_icon.gif","gif","","ext_icon.gif","","7a97bb0a5cc6e5e0339a1a90f28094a7a41c693f",156,1347036442,1360857030,0,0,"",""
115,0,1362409706,1362409706,0,0,0,0,0,"",0,0,0,0,0,0,"0",0,"/typo3/sysext/t3editor/ext_icon.gif","gif","","ext_icon.gif","","fb9c533ec6c7536c0f5b4049994d3f9aba80121f",1023,1347036442,1360857030,0,0,"",""
116,0,1362409706,1362409706,0,0,0,0,0,"",0,0,0,0,0,0,"0",0,"/typo3/sysext/t3skin/ext_icon.gif","gif","","ext_icon.gif","","ad4e9bb93928007bad9b98c36a794eaa86544308",254,1347036443,1360857030,0,0,"",""
117,0,1362409706,1362409706,0,0,0,0,0,"",0,0,0,0,0,0,"0",0,"/typo3/sysext/taskcenter/ext_icon.gif","gif","","ext_icon.gif","","b4f17c0cd49f4ac83b3fe99946d4df7861f01962",167,1347036489,1360857032,0,0,"",""
118,0,1362409706,1362409706,0,0,0,0,0,"",0,0,0,0,0,0,"0",0,"/typo3/sysext/tsconfig_help/ext_icon.gif","gif","","ext_icon.gif","","ce2ce494584ed2b1dae4639a17531a5ea7295dab",1049,1347036490,1360857032,0,0,"",""
119,0,1362409706,1362409706,0,0,0,0,0,"",0,0,0,0,0,0,"0",0,"/typo3/sysext/tstemplate/ext_icon.gif","gif","","ext_icon.gif","","9aa8f313a25f48c65529acdf796557f3149c3c74",99,1347036490,1360857032,0,0,"",""
120,0,1362409706,1362409706,0,0,0,0,0,"",0,0,0,0,0,0,"0",0,"/typo3/sysext/tstemplate_analyzer/ext_icon.gif","gif","","ext_icon.gif","","18b089a7e39a2831d775c54d9b4ad781810dbb0b",366,1347036490,1360857032,0,0,"",""
121,0,1362409706,1362409706,0,0,0,0,0,"",0,0,0,0,0,0,"0",0,"/typo3/sysext/tstemplate_ceditor/ext_icon.gif","gif","","ext_icon.gif","","bbcb0ff3d075efe84d03ac8a039fcad4dd1027e9",134,1347036490,1360857032,0,0,"",""
122,0,1362409706,1362409706,0,0,0,0,0,"",0,0,0,0,0,0,"0",0,"/typo3/sysext/tstemplate_info/ext_icon.gif","gif","","ext_icon.gif","","e5cc70deccb28078e5840223c70e15a9f70b3de9",194,1347036492,1360857032,0,0,"",""
123,0,1362409706,1362409706,0,0,0,0,0,"",0,0,0,0,0,0,"0",0,"/typo3/sysext/tstemplate_objbrowser/ext_icon.gif","gif","","ext_icon.gif","","56a3a27afae4d201ccbb9b1cd73717e94bb7a940",203,1347036492,1360857032,0,0,"",""
124,0,1362409706,1362409706,0,0,0,0,0,"",0,0,0,0,0,0,"0",0,"/typo3/sysext/version/ext_icon.gif","gif","","ext_icon.gif","","61c9380cfa98ccc2dbbe8e9bcc94081815bf6109",383,1347036492,1360857032,0,0,"",""
125,0,1362409706,1362409706,0,0,0,0,0,"",0,0,0,0,0,0,"0",0,"/typo3/sysext/viewpage/ext_icon.gif","gif","","ext_icon.gif","","9d5ce162e3a36bc67590ba0c1a5360ab2a83d2e8",367,1347036492,1360857032,0,0,"",""
126,0,1362409706,1362409706,0,0,0,0,0,"",0,0,0,0,0,0,"0",0,"/typo3/sysext/wizard_crpages/ext_icon.gif","gif","","ext_icon.gif","","db136645cf980646e414fc50b7c35e9f4a049143",649,1347036492,1360857032,0,0,"",""
127,0,1362409706,1362409706,0,0,0,0,0,"",0,0,0,0,0,0,"0",0,"/typo3/sysext/wizard_sortpages/ext_icon.gif","gif","","ext_icon.gif","","86de0fe6bfe0d29b7bf4771b13dde1fc206336a6",206,1347036493,1360857032,0,0,"",""
128,0,1362409706,1362409706,0,0,0,0,0,"",0,0,0,0,0,0,"0",0,"/typo3/sysext/workspaces/ext_icon.gif","gif","","ext_icon.gif","","1d8dd277a444da23b8c4d4da51b477dccacd21de",374,1347036493,1360857032,0,0,"",""
129,0,1362409706,1362409706,0,0,0,0,0,"",0,0,0,0,0,0,"0",0,"/typo3conf/ext/maja_tscondition/ext_icon.gif","gif","","ext_icon.gif","","3a16172587ed830f92f9cb4323762a3804d23a15",1012,1356344381,1356346063,0,0,"",""
130,0,1362409706,1362409706,0,0,0,0,0,"",0,0,0,0,0,0,"0",0,"/typo3conf/ext/perfectlightbox/ext_icon.gif","gif","","ext_icon.gif","","c516640303ab358839883072b005d0484580ec48",627,1347036496,1343369928,0,0,"",""
131,0,1362409706,1362409706,0,0,0,0,0,"",0,0,0,0,0,0,"0",0,"/typo3conf/ext/powermail/ext_icon.gif","gif","","ext_icon.gif","","6bb846737d785856c0a8d161b0005c0ec2772b22",423,1347036497,1358771312,0,0,"",""
132,0,1362409706,1362409706,0,0,0,0,0,"",0,0,0,0,0,0,"0",0,"/typo3conf/ext/realurl/ext_icon.gif","gif","","ext_icon.gif","","3cec3a19c546a2624f7de555c8be48c9652d46f1",207,1347036500,1346144088,0,0,"",""
133,0,1362409706,1362409706,0,0,0,0,0,"",0,0,0,0,0,0,"0",0,"/typo3conf/ext/tt_news/ext_icon.gif","gif","","ext_icon.gif","","44e6b0e667866fa641f53f2126229ca036d7f4a0",178,1347036500,1343219950,0,0,"",""
134,0,1362409706,1362409706,0,0,0,0,0,"",0,0,0,0,0,0,"0",0,"/typo3conf/ext/user_vitodata_layout/ext_icon.gif","gif","","ext_icon.gif","","20fce3ecd46707cf72b1f8a56120a360fa74ed57",569,1347036502,1343391001,0,0,"",""
135,0,1362409899,1362409899,0,0,0,0,0,"",0,0,0,0,0,0,"0",0,"/typo3/clear.gif","gif","","clear.gif","","1c96ed6597e58f0137be85708bd5c344da60de9f",46,1347036339,1360857030,0,0,"",""
136,0,1362410829,1362410829,0,0,0,0,0,"",0,0,0,0,0,0,"2",0,"/fileadmin/_migrated/pics/Vignette_d_100.jpg","jpg","image/jpeg","Vignette_d_100.jpg","","6665950fff0c35aec3a0fa303abe6b4611afa9b8",5301,1347036690,1343657166,100,100,"",""
137,0,1362410829,1362410829,0,0,0,0,0,"",0,0,0,0,0,0,"2",0,"/fileadmin/_migrated/pics/standort_ohringen2.jpg","jpg","image/jpeg","standort_ohringen2.jpg","","9b912572fa5d1d7a946e09f3f51b5fc661a16cec",192649,1362400170,1355396306,1100,709,"",""
138,0,1362410859,1362410859,0,0,0,0,0,"",0,0,0,0,0,0,"2",0,"/typo3conf/ext/powermail/Resources/Public/Image/icon_csv.gif","gif","image/gif","icon_csv.gif","","ef2752df0236bea7bf78aed478c4d8d436f152dc",228,1347036499,1358771312,17,16,"",""
139,0,1362410859,1362410859,0,0,0,0,0,"",0,0,0,0,0,0,"2",0,"/typo3conf/ext/powermail/Resources/Public/Image/icon_xls.gif","gif","image/gif","icon_xls.gif","","419bcde6834c14df3c7bc0b6a03024060aad66ee",1021,1347036499,1358771312,16,16,"",""
140,0,1362411110,1362411110,0,0,0,0,0,"",0,0,0,0,0,0,"2",0,"/fileadmin/_migrated/pics/vitodata.png","png","image/png","vitodata.png","","e57729d5e824f9b999250c2de9323b3c146a1502",148645,1347036690,1343407500,1133,774,"",""
141,0,1362411257,1362411257,0,0,0,0,0,"",0,0,0,0,0,0,"5",1,"/user_upload/index.html","html","application/x-empty","index.html","","da39a3ee5e6b4b0d3255bfef95601890afd80709",0,1347036739,1340700905,0,0,"",""
142,0,1362411337,1362411337,0,0,0,0,0,"",0,0,0,0,0,0,"2",0,"/fileadmin/_migrated/pics/vitodata_hardware.jpg","jpg","image/jpeg","vitodata_hardware.jpg","","161e780f1916e0dbdf659cf07e389ca4edaff3bc",143299,1362400170,1355401031,1100,733,"",""
143,0,1362411382,1362411382,0,0,0,0,0,"",0,0,0,0,0,0,"2",0,"/fileadmin/_migrated/pics/vitodata_schulung2.jpg","jpg","image/jpeg","vitodata_schulung2.jpg","","90f3528f7c1139d07bd07c453254b9fdfc72734e",178222,1362400170,1355400881,1100,733,"",""
144,0,1362411418,1362411418,0,0,0,0,0,"",0,0,0,0,0,0,"2",0,"/fileadmin/_migrated/pics/Organigramm2.png","png","image/png","Organigramm2.png","","8b71187ece150caa6d761a9548befac9b04d8d81",23900,1362400170,1355397417,960,720,"",""
145,0,1362411421,1362411421,0,0,0,0,0,"",0,0,0,0,0,0,"2",0,"/fileadmin/_migrated/pics/vitodata_nord2.jpg","jpg","image/jpeg","vitodata_nord2.jpg","","a9d63e4308859589a1ef857d6fda635791494cdc",150126,1362400170,1355395810,1100,734,"",""
146,0,1362411421,1362411421,0,0,0,0,0,"",0,0,0,0,0,0,"2",0,"/fileadmin/_migrated/pics/vitodata_west_01.jpg","jpg","image/jpeg","vitodata_west_01.jpg","","dbcf24cb9c951782bae94f969bbc49a62f722af7",298578,1347036691,1345121888,1100,741,"",""
147,0,1362411421,1362411421,0,0,0,0,0,"",0,0,0,0,0,0,"2",0,"/fileadmin/_migrated/pics/vitodata_ost2.jpg","jpg","image/jpeg","vitodata_ost2.jpg","","5becb204da0e4fb59bd4db8fbd80828225849622",169282,1362400170,1355396033,1100,684,"",""
148,0,1362411421,1362411421,0,0,0,0,0,"",0,0,0,0,0,0,"2",0,"/fileadmin/_migrated/pics/vitodata_zentral.jpg","jpg","image/jpeg","vitodata_zentral.jpg","","5f4f701c3e150815d223a35c1660cd4f4cdbbfee",140000,1362400171,1355396111,1100,733,"",""
149,0,1362411429,1362411429,0,0,0,0,0,"",0,0,0,0,0,0,"2",0,"/fileadmin/_migrated/pics/standort_ohringen_01.jpg","jpg","image/jpeg","standort_ohringen_01.jpg","","7dcf0541d5110db7f201bb69ea1f334778eeb723",57954,1347036690,1343486408,660,400,"",""
150,0,1362411429,1362411429,0,0,0,0,0,"",0,0,0,0,0,0,"2",0,"/fileadmin/_migrated/pics/Biel_01.png","png","image/png","Biel_01.png","","fa789233a622552086981f895446cf3405fe68f4",59040,1347036690,1343486408,660,400,"",""
151,0,1362411429,1362411429,0,0,0,0,0,"",0,0,0,0,0,0,"2",0,"/fileadmin/_migrated/pics/Immensee.png","png","image/png","Immensee.png","","9da6872bf6ef16c739d7c34cf00b7bd8f8b8c130",55157,1347036690,1344597146,626,380,"",""
152,0,1362411886,1362411886,0,0,0,0,0,"",0,0,0,0,0,0,"2",0,"/fileadmin/_migrated/pics/gold250.png","png","image/png","gold250.png","","2fb02980f5d3ff6d0d8320b9f5eb8f5fdd8ca6d7",9282,1347036690,1343642830,250,55,"",""
153,0,1362414753,1362414753,0,0,0,0,0,"",0,0,0,0,0,0,"2",0,"/typo3/sysext/t3skin/icons/gfx/typo3logo.gif","gif","image/gif","typo3logo.gif","","4c2fbd1363eb65720601973ccf45d1adeb67509b",1815,1347036465,1360857032,128,59,"",""
