<?xml version="1.0" encoding="UTF-8"?><font-metrics metrics-version="2" type="TYPE0"><font-name>Share-Regular</font-name><embed/><cap-height>700</cap-height><x-height>500</x-height><ascender>808</ascender><descender>-192</descender><bbox><left>-85</left><bottom>-240</bottom><right>1093</right><top>855</top></bbox><flags>33</flags><stemv>0</stemv><italicangle>0</italicangle><subtype>TYPE0</subtype><multibyte-extras><cid-type>CIDFontType2</cid-type><default-width>0</default-width><bfranges><bf gi="3" ue="32" us="32"/><bf gi="230" ue="33" us="33"/><bf gi="229" ue="34" us="34"/><bf gi="4" ue="38" us="35"/><bf gi="104" ue="39" us="39"/><bf gi="9" ue="95" us="40"/><bf gi="124" ue="96" us="96"/><bf gi="66" ue="126" us="97"/><bf gi="231" ue="160" us="160"/><bf gi="96" ue="163" us="161"/><bf gi="103" ue="164" us="164"/><bf gi="100" ue="165" us="165"/><bf gi="160" ue="166" us="166"/><bf gi="102" ue="167" us="167"/><bf gi="131" ue="168" us="168"/><bf gi="170" ue="169" us="169"/><bf gi="139" ue="170" us="170"/><bf gi="106" ue="171" us="171"/><bf gi="151" ue="172" us="172"/><bf gi="232" ue="173" us="173"/><bf gi="165" ue="174" us="174"/><bf gi="128" ue="175" us="175"/><bf gi="161" ue="176" us="176"/><bf gi="156" ue="177" us="177"/><bf gi="164" ue="178" us="178"/><bf gi="169" ue="179" us="179"/><bf gi="125" ue="180" us="180"/><bf gi="152" ue="181" us="181"/><bf gi="115" ue="182" us="182"/><bf gi="114" ue="183" us="183"/><bf gi="133" ue="184" us="184"/><bf gi="150" ue="185" us="185"/><bf gi="143" ue="186" us="186"/><bf gi="120" ue="187" us="187"/><bf gi="158" ue="188" us="188"/><bf gi="155" ue="189" us="189"/><bf gi="163" ue="190" us="190"/><bf gi="123" ue="191" us="191"/><bf gi="174" ue="192" us="192"/><bf gi="171" ue="194" us="193"/><bf gi="176" ue="195" us="195"/><bf gi="173" ue="196" us="196"/><bf gi="175" ue="197" us="197"/><bf gi="138" ue="198" us="198"/><bf gi="177" ue="199" us="199"/><bf gi="181" ue="200" us="200"/><bf gi="178" ue="203" us="201"/><bf gi="185" ue="204" us="204"/><bf gi="182" ue="207" us="205"/><bf gi="154" ue="208" us="208"/><bf gi="186" ue="209" us="209"/><bf gi="190" ue="210" us="210"/><bf gi="187" ue="212" us="211"/><bf gi="191" ue="213" us="213"/><bf gi="189" ue="214" us="214"/><bf gi="168" ue="215" us="215"/><bf gi="141" ue="216" us="216"/><bf gi="196" ue="217" us="217"/><bf gi="193" ue="220" us="218"/><bf gi="197" ue="221" us="221"/><bf gi="157" ue="222" us="222"/><bf gi="149" ue="223" us="223"/><bf gi="203" ue="224" us="224"/><bf gi="200" ue="226" us="225"/><bf gi="205" ue="227" us="227"/><bf gi="202" ue="228" us="228"/><bf gi="204" ue="229" us="229"/><bf gi="144" ue="230" us="230"/><bf gi="206" ue="231" us="231"/><bf gi="210" ue="232" us="232"/><bf gi="207" ue="235" us="233"/><bf gi="214" ue="236" us="236"/><bf gi="211" ue="239" us="237"/><bf gi="167" ue="240" us="240"/><bf gi="215" ue="241" us="241"/><bf gi="219" ue="242" us="242"/><bf gi="216" ue="244" us="243"/><bf gi="220" ue="245" us="245"/><bf gi="218" ue="246" us="246"/><bf gi="159" ue="247" us="247"/><bf gi="147" ue="248" us="248"/><bf gi="225" ue="249" us="249"/><bf gi="222" ue="252" us="250"/><bf gi="226" ue="253" us="253"/><bf gi="162" ue="254" us="254"/><bf gi="227" ue="255" us="255"/><bf gi="145" ue="305" us="305"/><bf gi="140" ue="321" us="321"/><bf gi="146" ue="322" us="322"/><bf gi="142" ue="338" us="338"/><bf gi="148" ue="339" us="339"/><bf gi="192" ue="352" us="352"/><bf gi="221" ue="353" us="353"/><bf gi="198" ue="376" us="376"/><bf gi="199" ue="381" us="381"/><bf gi="228" ue="382" us="382"/><bf gi="101" ue="402" us="402"/><bf gi="126" ue="710" us="710"/><bf gi="136" ue="711" us="711"/><bf gi="233" ue="713" us="713"/><bf gi="129" ue="729" us="728"/><bf gi="132" ue="730" us="730"/><bf gi="135" ue="731" us="731"/><bf gi="127" ue="732" us="732"/><bf gi="134" ue="733" us="733"/><bf gi="234" ue="956" us="956"/><bf gi="235" ue="960" us="960"/><bf gi="111" ue="8211" us="8211"/><bf gi="137" ue="8212" us="8212"/><bf gi="65" ue="8216" us="8216"/><bf gi="8" ue="8217" us="8217"/><bf gi="117" ue="8218" us="8218"/><bf gi="105" ue="8220" us="8220"/><bf gi="119" ue="8221" us="8221"/><bf gi="118" ue="8222" us="8222"/><bf gi="112" ue="8225" us="8224"/><bf gi="116" ue="8226" us="8226"/><bf gi="121" ue="8230" us="8230"/><bf gi="122" ue="8240" us="8240"/><bf gi="107" ue="8250" us="8249"/><bf gi="99" ue="8260" us="8260"/><bf gi="236" ue="8364" us="8364"/><bf gi="153" ue="8482" us="8482"/><bf gi="237" ue="8486" us="8486"/><bf gi="238" ue="8706" us="8706"/><bf gi="239" ue="8710" us="8710"/><bf gi="240" ue="8719" us="8719"/><bf gi="241" ue="8721" us="8721"/><bf gi="166" ue="8722" us="8722"/><bf gi="242" ue="8725" us="8725"/><bf gi="243" ue="8730" us="8729"/><bf gi="245" ue="8734" us="8734"/><bf gi="246" ue="8740" us="8740"/><bf gi="247" ue="8743" us="8743"/><bf gi="248" ue="8747" us="8747"/><bf gi="249" ue="8776" us="8776"/><bf gi="250" ue="8800" us="8800"/><bf gi="251" ue="8805" us="8804"/><bf gi="253" ue="8901" us="8901"/><bf gi="254" ue="9647" us="9647"/><bf gi="255" ue="9674" us="9674"/><bf gi="109" ue="64258" us="64257"/><bf gi="0" ue="65535" us="65535"/></bfranges><cid-widths start-index="0"><wx w="502"/><wx w="0"/><wx w="260"/><wx w="260"/><wx w="470"/><wx w="470"/><wx w="856"/><wx w="507"/><wx w="225"/><wx w="320"/><wx w="320"/><wx w="480"/><wx w="550"/><wx w="230"/><wx w="495"/><wx w="230"/><wx w="325"/><wx w="470"/><wx w="470"/><wx w="470"/><wx w="470"/><wx w="470"/><wx w="470"/><wx w="470"/><wx w="470"/><wx w="470"/><wx w="470"/><wx w="230"/><wx w="230"/><wx w="550"/><wx w="550"/><wx w="550"/><wx w="360"/><wx w="815"/><wx w="500"/><wx w="512"/><wx w="423"/><wx w="526"/><wx w="473"/><wx w="458"/><wx w="500"/><wx w="550"/><wx w="317"/><wx w="400"/><wx w="492"/><wx w="410"/><wx w="630"/><wx w="547"/><wx w="548"/><wx w="500"/><wx w="548"/><wx w="515"/><wx w="434"/><wx w="425"/><wx w="535"/><wx w="473"/><wx w="589"/><wx w="496"/><wx w="491"/><wx w="436"/><wx w="325"/><wx w="325"/><wx w="325"/><wx w="487"/><wx w="510"/><wx w="225"/><wx w="481"/><wx w="499"/><wx w="404"/><wx w="504"/><wx w="468"/><wx w="311"/><wx w="521"/><wx w="506"/><wx w="245"/><wx w="245"/><wx w="464"/><wx w="265"/><wx w="730"/><wx w="506"/><wx w="510"/><wx w="499"/><wx w="504"/><wx w="338"/><wx w="402"/><wx w="321"/><wx w="491"/><wx w="462"/><wx w="670"/><wx w="464"/><wx w="463"/><wx w="403"/><wx w="325"/><wx w="290"/><wx w="325"/><wx w="510"/><wx w="250"/><wx w="470"/><wx w="470"/><wx w="230"/><wx w="470"/><wx w="310"/><wx w="470"/><wx w="570"/><wx w="205"/><wx w="380"/><wx w="465"/><wx w="305"/><wx w="305"/><wx w="515"/><wx w="530"/><wx w="550"/><wx w="470"/><wx w="470"/><wx w="230"/><wx w="510"/><wx w="290"/><wx w="220"/><wx w="375"/><wx w="380"/><wx w="465"/><wx w="670"/><wx w="1178"/><wx w="360"/><wx w="303"/><wx w="303"/><wx w="383"/><wx w="350"/><wx w="325"/><wx w="354"/><wx w="164"/><wx w="355"/><wx w="260"/><wx w="302"/><wx w="463"/><wx w="318"/><wx w="383"/><wx w="605"/><wx w="748"/><wx w="395"/><wx w="420"/><wx w="548"/><wx w="766"/><wx w="416"/><wx w="710"/><wx w="245"/><wx w="280"/><wx w="510"/><wx w="761"/><wx w="519"/><wx w="410"/><wx w="575"/><wx w="496"/><wx w="740"/><wx w="536"/><wx w="875"/><wx w="550"/><wx w="510"/><wx w="875"/><wx w="550"/><wx w="290"/><wx w="363"/><wx w="499"/><wx w="875"/><wx w="410"/><wx w="800"/><wx w="550"/><wx w="503"/><wx w="550"/><wx w="410"/><wx w="800"/><wx w="500"/><wx w="500"/><wx w="500"/><wx w="500"/><wx w="500"/><wx w="500"/><wx w="423"/><wx w="473"/><wx w="473"/><wx w="473"/><wx w="473"/><wx w="317"/><wx w="317"/><wx w="317"/><wx w="317"/><wx w="547"/><wx w="548"/><wx w="548"/><wx w="548"/><wx w="548"/><wx w="548"/><wx w="434"/><wx w="535"/><wx w="535"/><wx w="535"/><wx w="535"/><wx w="491"/><wx w="491"/><wx w="436"/><wx w="481"/><wx w="481"/><wx w="481"/><wx w="481"/><wx w="481"/><wx w="481"/><wx w="404"/><wx w="468"/><wx w="468"/><wx w="468"/><wx w="468"/><wx w="245"/><wx w="245"/><wx w="245"/><wx w="245"/><wx w="506"/><wx w="510"/><wx w="510"/><wx w="510"/><wx w="510"/><wx w="510"/><wx w="402"/><wx w="491"/><wx w="491"/><wx w="491"/><wx w="491"/><wx w="463"/><wx w="463"/><wx w="403"/><wx w="360"/><wx w="250"/><wx w="260"/><wx w="495"/><wx w="325"/><wx w="496"/><wx w="554"/><wx w="470"/><wx w="548"/><wx w="470"/><wx w="510"/><wx w="564"/><wx w="470"/><wx w="230"/><wx w="230"/><wx w="555"/><wx w="730"/><wx w="230"/><wx w="230"/><wx w="325"/><wx w="510"/><wx w="550"/><wx w="550"/><wx w="550"/><wx w="230"/><wx w="502"/><wx w="470"/></cid-widths></multibyte-extras><kerning kpx1="8800"><pair kern="-35" kpx2="221"/><pair kern="-40" kpx2="84"/><pair kern="-20" kpx2="50"/><pair kern="-5" kpx2="87"/><pair kern="-25" kpx2="49"/><pair kern="-15" kpx2="86"/><pair kern="-40" kpx2="55"/><pair kern="-35" kpx2="89"/><pair kern="-35" kpx2="376"/><pair kern="-25" kpx2="88"/></kerning><kerning kpx1="8804"><pair kern="-35" kpx2="221"/><pair kern="-40" kpx2="84"/><pair kern="-20" kpx2="50"/><pair kern="-5" kpx2="87"/><pair kern="-25" kpx2="49"/><pair kern="-15" kpx2="86"/><pair kern="-40" kpx2="55"/><pair kern="-35" kpx2="89"/><pair kern="-35" kpx2="376"/><pair kern="-25" kpx2="88"/></kerning><kerning kpx1="8805"><pair kern="-35" kpx2="221"/><pair kern="-40" kpx2="84"/><pair kern="-20" kpx2="50"/><pair kern="-5" kpx2="87"/><pair kern="-25" kpx2="49"/><pair kern="-15" kpx2="86"/><pair kern="-40" kpx2="55"/><pair kern="-35" kpx2="89"/><pair kern="-35" kpx2="376"/><pair kern="-25" kpx2="88"/></kerning><kerning kpx1="43"><pair kern="-35" kpx2="221"/><pair kern="-40" kpx2="84"/><pair kern="-20" kpx2="50"/><pair kern="-5" kpx2="87"/><pair kern="-25" kpx2="49"/><pair kern="-15" kpx2="86"/><pair kern="-40" kpx2="55"/><pair kern="-35" kpx2="89"/><pair kern="-35" kpx2="376"/><pair kern="-25" kpx2="88"/></kerning><kerning kpx1="8776"><pair kern="-35" kpx2="221"/><pair kern="-40" kpx2="84"/><pair kern="-20" kpx2="50"/><pair kern="-5" kpx2="87"/><pair kern="-25" kpx2="49"/><pair kern="-15" kpx2="86"/><pair kern="-40" kpx2="55"/><pair kern="-35" kpx2="89"/><pair kern="-35" kpx2="376"/><pair kern="-25" kpx2="88"/></kerning><kerning kpx1="46"><pair kern="-30" kpx2="119"/><pair kern="-45" kpx2="255"/><pair kern="-70" kpx2="221"/><pair kern="-45" kpx2="118"/><pair kern="-60" kpx2="84"/><pair kern="-10" kpx2="87"/><pair kern="-45" kpx2="253"/><pair kern="-50" kpx2="86"/><pair kern="-30" kpx2="55"/><pair kern="-70" kpx2="89"/><pair kern="-70" kpx2="376"/><pair kern="-45" kpx2="121"/></kerning><kerning kpx1="44"><pair kern="-30" kpx2="119"/><pair kern="-45" kpx2="255"/><pair kern="-70" kpx2="221"/><pair kern="-45" kpx2="118"/><pair kern="-60" kpx2="84"/><pair kern="-10" kpx2="87"/><pair kern="-45" kpx2="253"/><pair kern="-50" kpx2="86"/><pair kern="-30" kpx2="55"/><pair kern="-70" kpx2="89"/><pair kern="-70" kpx2="376"/><pair kern="-45" kpx2="121"/></kerning><kerning kpx1="45"><pair kern="-20" kpx2="65"/><pair kern="-20" kpx2="197"/><pair kern="-20" kpx2="196"/><pair kern="-20" kpx2="198"/><pair kern="-20" kpx2="193"/><pair kern="-20" kpx2="192"/><pair kern="-60" kpx2="74"/><pair kern="-20" kpx2="195"/><pair kern="-20" kpx2="194"/><pair kern="-45" kpx2="84"/><pair kern="-50" kpx2="221"/><pair kern="-10" kpx2="87"/><pair kern="-30" kpx2="86"/><pair kern="-50" kpx2="89"/><pair kern="-50" kpx2="376"/><pair kern="-5" kpx2="119"/><pair kern="-10" kpx2="118"/><pair kern="-25" kpx2="50"/><pair kern="-10" kpx2="255"/><pair kern="-30" kpx2="49"/><pair kern="-10" kpx2="253"/><pair kern="-50" kpx2="55"/><pair kern="-40" kpx2="122"/><pair kern="-10" kpx2="121"/><pair kern="-20" kpx2="120"/></kerning><kerning kpx1="49"><pair kern="-20" kpx2="8800"/><pair kern="-20" kpx2="8804"/><pair kern="-20" kpx2="8805"/><pair kern="-30" kpx2="173"/><pair kern="-30" kpx2="172"/><pair kern="-20" kpx2="43"/><pair kern="-20" kpx2="8776"/><pair kern="-30" kpx2="45"/><pair kern="-30" kpx2="8211"/><pair kern="-30" kpx2="8722"/><pair kern="-30" kpx2="8212"/><pair kern="-20" kpx2="8734"/><pair kern="-30" kpx2="126"/><pair kern="-20" kpx2="247"/><pair kern="-20" kpx2="177"/><pair kern="-20" kpx2="62"/><pair kern="-20" kpx2="61"/><pair kern="-20" kpx2="60"/></kerning><kerning kpx1="55"><pair kern="-25" kpx2="8800"/><pair kern="-25" kpx2="8804"/><pair kern="-25" kpx2="8805"/><pair kern="-40" kpx2="173"/><pair kern="-100" kpx2="8230"/><pair kern="-40" kpx2="172"/><pair kern="-25" kpx2="43"/><pair kern="-25" kpx2="8776"/><pair kern="-100" kpx2="46"/><pair kern="-100" kpx2="44"/><pair kern="-40" kpx2="45"/><pair kern="-40" kpx2="8211"/><pair kern="-40" kpx2="8722"/><pair kern="-40" kpx2="8212"/><pair kern="-25" kpx2="8734"/><pair kern="-25" kpx2="247"/><pair kern="-40" kpx2="126"/><pair kern="-100" kpx2="8218"/><pair kern="-25" kpx2="177"/><pair kern="-25" kpx2="62"/><pair kern="-100" kpx2="8222"/><pair kern="-25" kpx2="61"/><pair kern="-25" kpx2="60"/></kerning><kerning kpx1="59"><pair kern="-30" kpx2="221"/><pair kern="-30" kpx2="84"/><pair kern="-10" kpx2="86"/><pair kern="-30" kpx2="89"/><pair kern="-30" kpx2="376"/></kerning><kerning kpx1="58"><pair kern="-30" kpx2="221"/><pair kern="-30" kpx2="84"/><pair kern="-10" kpx2="86"/><pair kern="-30" kpx2="89"/><pair kern="-30" kpx2="376"/></kerning><kerning kpx1="62"><pair kern="-35" kpx2="221"/><pair kern="-40" kpx2="84"/><pair kern="-20" kpx2="50"/><pair kern="-5" kpx2="87"/><pair kern="-25" kpx2="49"/><pair kern="-15" kpx2="86"/><pair kern="-40" kpx2="55"/><pair kern="-35" kpx2="89"/><pair kern="-35" kpx2="376"/><pair kern="-25" kpx2="88"/></kerning><kerning kpx1="61"><pair kern="-35" kpx2="221"/><pair kern="-40" kpx2="84"/><pair kern="-20" kpx2="50"/><pair kern="-5" kpx2="87"/><pair kern="-25" kpx2="49"/><pair kern="-15" kpx2="86"/><pair kern="-40" kpx2="55"/><pair kern="-35" kpx2="89"/><pair kern="-35" kpx2="376"/><pair kern="-25" kpx2="88"/></kerning><kerning kpx1="60"><pair kern="-35" kpx2="221"/><pair kern="-40" kpx2="84"/><pair kern="-20" kpx2="50"/><pair kern="-5" kpx2="87"/><pair kern="-25" kpx2="49"/><pair kern="-15" kpx2="86"/><pair kern="-40" kpx2="55"/><pair kern="-35" kpx2="89"/><pair kern="-35" kpx2="376"/><pair kern="-25" kpx2="88"/></kerning><kerning kpx1="68"><pair kern="-20" kpx2="65"/><pair kern="-5" kpx2="381"/><pair kern="-20" kpx2="197"/><pair kern="-20" kpx2="196"/><pair kern="-20" kpx2="198"/><pair kern="-20" kpx2="193"/><pair kern="-30" kpx2="376"/><pair kern="-20" kpx2="192"/><pair kern="-20" kpx2="195"/><pair kern="-30" kpx2="74"/><pair kern="-20" kpx2="194"/><pair kern="-30" kpx2="221"/><pair kern="-20" kpx2="84"/><pair kern="-10" kpx2="87"/><pair kern="-15" kpx2="86"/><pair kern="-30" kpx2="89"/><pair kern="-20" kpx2="88"/><pair kern="-5" kpx2="90"/></kerning><kerning kpx1="70"><pair kern="-20" kpx2="171"/><pair kern="-90" kpx2="46"/><pair kern="-90" kpx2="44"/><pair kern="-20" kpx2="187"/><pair kern="-10" kpx2="181"/><pair kern="-15" kpx2="339"/><pair kern="-30" kpx2="65"/><pair kern="-30" kpx2="197"/><pair kern="-30" kpx2="196"/><pair kern="-30" kpx2="198"/><pair kern="-30" kpx2="193"/><pair kern="-30" kpx2="192"/><pair kern="-30" kpx2="195"/><pair kern="-30" kpx2="194"/><pair kern="-90" kpx2="8218"/><pair kern="-90" kpx2="8222"/><pair kern="-15" kpx2="103"/><pair kern="-15" kpx2="100"/><pair kern="-15" kpx2="101"/><pair kern="-10" kpx2="235"/><pair kern="-15" kpx2="99"/><pair kern="-10" kpx2="234"/><pair kern="-90" kpx2="8230"/><pair kern="-10" kpx2="233"/><pair kern="-15" kpx2="97"/><pair kern="-10" kpx2="232"/><pair kern="-10" kpx2="110"/><pair kern="-15" kpx2="111"/><pair kern="-15" kpx2="230"/><pair kern="-10" kpx2="229"/><pair kern="-10" kpx2="382"/><pair kern="-10" kpx2="109"/><pair kern="-10" kpx2="228"/><pair kern="-10" kpx2="227"/><pair kern="-10" kpx2="226"/><pair kern="-10" kpx2="225"/><pair kern="-10" kpx2="224"/><pair kern="-10" kpx2="119"/><pair kern="-10" kpx2="255"/><pair kern="-10" kpx2="118"/><pair kern="-10" kpx2="252"/><pair kern="-10" kpx2="117"/><pair kern="-10" kpx2="253"/><pair kern="-10" kpx2="250"/><pair kern="-15" kpx2="115"/><pair kern="-10" kpx2="251"/><pair kern="-10" kpx2="353"/><pair kern="-10" kpx2="114"/><pair kern="-15" kpx2="113"/><pair kern="-15" kpx2="248"/><pair kern="-10" kpx2="249"/><pair kern="-10" kpx2="112"/><pair kern="-10" kpx2="246"/><pair kern="-20" kpx2="8249"/><pair kern="-10" kpx2="244"/><pair kern="-10" kpx2="245"/><pair kern="-20" kpx2="8250"/><pair kern="-10" kpx2="242"/><pair kern="-10" kpx2="243"/><pair kern="-10" kpx2="122"/><pair kern="-10" kpx2="121"/><pair kern="-10" kpx2="241"/><pair kern="-10" kpx2="120"/></kerning><kerning kpx1="339"><pair kern="-65" kpx2="376"/><pair kern="-10" kpx2="119"/><pair kern="-70" kpx2="84"/><pair kern="-15" kpx2="118"/><pair kern="-65" kpx2="221"/><pair kern="-15" kpx2="255"/><pair kern="-10" kpx2="87"/><pair kern="-30" kpx2="86"/><pair kern="-15" kpx2="253"/><pair kern="-65" kpx2="89"/><pair kern="-20" kpx2="88"/><pair kern="-15" kpx2="121"/><pair kern="-15" kpx2="120"/></kerning><kerning kpx1="65"><pair kern="-20" kpx2="71"/><pair kern="-20" kpx2="67"/><pair kern="-20" kpx2="79"/><pair kern="-20" kpx2="8211"/><pair kern="-50" kpx2="84"/><pair kern="-40" kpx2="86"/><pair kern="-20" kpx2="81"/><pair kern="-20" kpx2="216"/><pair kern="-20" kpx2="8212"/><pair kern="-20" kpx2="212"/><pair kern="-20" kpx2="213"/><pair kern="-20" kpx2="214"/><pair kern="-20" kpx2="210"/><pair kern="-20" kpx2="211"/><pair kern="-30" kpx2="171"/><pair kern="-20" kpx2="173"/><pair kern="-20" kpx2="172"/><pair kern="-20" kpx2="45"/><pair kern="-15" kpx2="119"/><pair kern="-20" kpx2="255"/><pair kern="-20" kpx2="118"/><pair kern="-15" kpx2="187"/><pair kern="-20" kpx2="253"/><pair kern="-20" kpx2="8722"/><pair kern="-30" kpx2="8249"/><pair kern="-20" kpx2="126"/><pair kern="-15" kpx2="8250"/><pair kern="-20" kpx2="121"/></kerning><kerning kpx1="338"><pair kern="-20" kpx2="65"/><pair kern="-5" kpx2="381"/><pair kern="-20" kpx2="197"/><pair kern="-20" kpx2="196"/><pair kern="-20" kpx2="198"/><pair kern="-20" kpx2="193"/><pair kern="-30" kpx2="376"/><pair kern="-20" kpx2="192"/><pair kern="-20" kpx2="195"/><pair kern="-30" kpx2="74"/><pair kern="-20" kpx2="194"/><pair kern="-30" kpx2="221"/><pair kern="-20" kpx2="84"/><pair kern="-10" kpx2="87"/><pair kern="-15" kpx2="86"/><pair kern="-30" kpx2="89"/><pair kern="-20" kpx2="88"/><pair kern="-5" kpx2="90"/></kerning><kerning kpx1="66"><pair kern="-15" kpx2="221"/><pair kern="-20" kpx2="84"/><pair kern="-5" kpx2="87"/><pair kern="-5" kpx2="86"/><pair kern="-15" kpx2="352"/><pair kern="-15" kpx2="83"/><pair kern="-15" kpx2="89"/><pair kern="-15" kpx2="376"/><pair kern="-15" kpx2="88"/><pair kern="-20" kpx2="74"/></kerning><kerning kpx1="67"><pair kern="-20" kpx2="71"/><pair kern="-10" kpx2="339"/><pair kern="-20" kpx2="67"/><pair kern="-20" kpx2="79"/><pair kern="-60" kpx2="8211"/><pair kern="-20" kpx2="81"/><pair kern="-20" kpx2="216"/><pair kern="-60" kpx2="8212"/><pair kern="-20" kpx2="212"/><pair kern="-20" kpx2="213"/><pair kern="-20" kpx2="214"/><pair kern="-20" kpx2="210"/><pair kern="-20" kpx2="211"/><pair kern="-55" kpx2="171"/><pair kern="-10" kpx2="100"/><pair kern="-10" kpx2="101"/><pair kern="-10" kpx2="99"/><pair kern="-60" kpx2="173"/><pair kern="-60" kpx2="172"/><pair kern="-10" kpx2="111"/><pair kern="-60" kpx2="45"/><pair kern="-5" kpx2="119"/><pair kern="-10" kpx2="255"/><pair kern="-10" kpx2="118"/><pair kern="-40" kpx2="187"/><pair kern="-10" kpx2="253"/><pair kern="-60" kpx2="8722"/><pair kern="-10" kpx2="113"/><pair kern="-10" kpx2="248"/><pair kern="-55" kpx2="8249"/><pair kern="-60" kpx2="126"/><pair kern="-40" kpx2="8250"/><pair kern="-10" kpx2="121"/></kerning><kerning kpx1="76"><pair kern="-20" kpx2="71"/><pair kern="-20" kpx2="67"/><pair kern="-20" kpx2="79"/><pair kern="-60" kpx2="8211"/><pair kern="-35" kpx2="84"/><pair kern="-45" kpx2="221"/><pair kern="-15" kpx2="87"/><pair kern="-30" kpx2="86"/><pair kern="-20" kpx2="81"/><pair kern="-20" kpx2="216"/><pair kern="-60" kpx2="8212"/><pair kern="-20" kpx2="212"/><pair kern="-20" kpx2="213"/><pair kern="-20" kpx2="214"/><pair kern="-45" kpx2="89"/><pair kern="-20" kpx2="210"/><pair kern="-20" kpx2="211"/><pair kern="-60" kpx2="173"/><pair kern="-60" kpx2="172"/><pair kern="-45" kpx2="376"/><pair kern="-60" kpx2="45"/><pair kern="-10" kpx2="119"/><pair kern="-20" kpx2="255"/><pair kern="-20" kpx2="118"/><pair kern="-20" kpx2="253"/><pair kern="-60" kpx2="8722"/><pair kern="-60" kpx2="126"/><pair kern="-20" kpx2="121"/></kerning><kerning kpx1="79"><pair kern="-20" kpx2="65"/><pair kern="-5" kpx2="381"/><pair kern="-20" kpx2="197"/><pair kern="-20" kpx2="196"/><pair kern="-20" kpx2="198"/><pair kern="-20" kpx2="193"/><pair kern="-30" kpx2="376"/><pair kern="-20" kpx2="192"/><pair kern="-20" kpx2="195"/><pair kern="-30" kpx2="74"/><pair kern="-20" kpx2="194"/><pair kern="-30" kpx2="221"/><pair kern="-20" kpx2="84"/><pair kern="-10" kpx2="87"/><pair kern="-15" kpx2="86"/><pair kern="-30" kpx2="89"/><pair kern="-20" kpx2="88"/><pair kern="-5" kpx2="90"/></kerning><kerning kpx1="75"><pair kern="-20" kpx2="71"/><pair kern="-20" kpx2="339"/><pair kern="-20" kpx2="67"/><pair kern="-20" kpx2="79"/><pair kern="-20" kpx2="81"/><pair kern="-20" kpx2="216"/><pair kern="-20" kpx2="212"/><pair kern="-20" kpx2="213"/><pair kern="-20" kpx2="214"/><pair kern="-20" kpx2="210"/><pair kern="-20" kpx2="211"/><pair kern="-5" kpx2="103"/><pair kern="-20" kpx2="100"/><pair kern="-20" kpx2="101"/><pair kern="-20" kpx2="99"/><pair kern="-5" kpx2="97"/><pair kern="-20" kpx2="111"/><pair kern="-5" kpx2="230"/><pair kern="-20" kpx2="119"/><pair kern="-30" kpx2="255"/><pair kern="-30" kpx2="118"/><pair kern="-30" kpx2="253"/><pair kern="-5" kpx2="115"/><pair kern="-20" kpx2="113"/><pair kern="-20" kpx2="248"/><pair kern="-30" kpx2="121"/></kerning><kerning kpx1="8211"><pair kern="-20" kpx2="65"/><pair kern="-20" kpx2="197"/><pair kern="-20" kpx2="196"/><pair kern="-20" kpx2="198"/><pair kern="-20" kpx2="193"/><pair kern="-20" kpx2="192"/><pair kern="-60" kpx2="74"/><pair kern="-20" kpx2="195"/><pair kern="-20" kpx2="194"/><pair kern="-45" kpx2="84"/><pair kern="-50" kpx2="221"/><pair kern="-10" kpx2="87"/><pair kern="-30" kpx2="86"/><pair kern="-50" kpx2="89"/><pair kern="-50" kpx2="376"/><pair kern="-5" kpx2="119"/><pair kern="-10" kpx2="118"/><pair kern="-25" kpx2="50"/><pair kern="-10" kpx2="255"/><pair kern="-30" kpx2="49"/><pair kern="-10" kpx2="253"/><pair kern="-50" kpx2="55"/><pair kern="-40" kpx2="122"/><pair kern="-10" kpx2="121"/><pair kern="-20" kpx2="120"/></kerning><kerning kpx1="84"><pair kern="-40" kpx2="8800"/><pair kern="-40" kpx2="8804"/><pair kern="-40" kpx2="8805"/><pair kern="-65" kpx2="171"/><pair kern="-45" kpx2="173"/><pair kern="-45" kpx2="172"/><pair kern="-40" kpx2="43"/><pair kern="-40" kpx2="8776"/><pair kern="-60" kpx2="46"/><pair kern="-60" kpx2="44"/><pair kern="-45" kpx2="45"/><pair kern="-50" kpx2="187"/><pair kern="-30" kpx2="59"/><pair kern="-30" kpx2="58"/><pair kern="-40" kpx2="177"/><pair kern="-40" kpx2="62"/><pair kern="-30" kpx2="183"/><pair kern="-40" kpx2="61"/><pair kern="-60" kpx2="181"/><pair kern="-40" kpx2="60"/><pair kern="-20" kpx2="71"/><pair kern="-70" kpx2="339"/><pair kern="-50" kpx2="65"/><pair kern="-20" kpx2="67"/><pair kern="-50" kpx2="197"/><pair kern="-50" kpx2="196"/><pair kern="-20" kpx2="79"/><pair kern="-50" kpx2="198"/><pair kern="-50" kpx2="193"/><pair kern="-50" kpx2="192"/><pair kern="-50" kpx2="195"/><pair kern="-50" kpx2="194"/><pair kern="-45" kpx2="8211"/><pair kern="-20" kpx2="81"/><pair kern="-20" kpx2="216"/><pair kern="-15" kpx2="83"/><pair kern="-45" kpx2="8212"/><pair kern="-20" kpx2="212"/><pair kern="-20" kpx2="213"/><pair kern="-60" kpx2="8218"/><pair kern="-20" kpx2="214"/><pair kern="-60" kpx2="8222"/><pair kern="-20" kpx2="210"/><pair kern="-20" kpx2="211"/><pair kern="-65" kpx2="103"/><pair kern="-70" kpx2="100"/><pair kern="-30" kpx2="8226"/><pair kern="-70" kpx2="101"/><pair kern="-70" kpx2="99"/><pair kern="-55" kpx2="233"/><pair kern="-60" kpx2="8230"/><pair kern="-45" kpx2="232"/><pair kern="-65" kpx2="97"/><pair kern="-60" kpx2="110"/><pair kern="-70" kpx2="111"/><pair kern="-65" kpx2="230"/><pair kern="-55" kpx2="229"/><pair kern="-60" kpx2="109"/><pair kern="-55" kpx2="225"/><pair kern="-45" kpx2="224"/><pair kern="-60" kpx2="119"/><pair kern="-60" kpx2="118"/><pair kern="-60" kpx2="117"/><pair kern="-55" kpx2="253"/><pair kern="-55" kpx2="250"/><pair kern="-15" kpx2="352"/><pair kern="-65" kpx2="115"/><pair kern="-45" kpx2="8722"/><pair kern="-60" kpx2="114"/><pair kern="-70" kpx2="113"/><pair kern="-70" kpx2="248"/><pair kern="-45" kpx2="249"/><pair kern="-60" kpx2="112"/><pair kern="-65" kpx2="8249"/><pair kern="-40" kpx2="8734"/><pair kern="-40" kpx2="247"/><pair kern="-45" kpx2="126"/><pair kern="-50" kpx2="8250"/><pair kern="-45" kpx2="242"/><pair kern="-55" kpx2="243"/><pair kern="-60" kpx2="122"/><pair kern="-60" kpx2="121"/><pair kern="-60" kpx2="120"/></kerning><kerning kpx1="87"><pair kern="-5" kpx2="8800"/><pair kern="-5" kpx2="8804"/><pair kern="-5" kpx2="8805"/><pair kern="-15" kpx2="171"/><pair kern="-10" kpx2="173"/><pair kern="-10" kpx2="172"/><pair kern="-5" kpx2="43"/><pair kern="-5" kpx2="8776"/><pair kern="-10" kpx2="46"/><pair kern="-10" kpx2="44"/><pair kern="-10" kpx2="45"/><pair kern="-5" kpx2="187"/><pair kern="-5" kpx2="177"/><pair kern="-5" kpx2="62"/><pair kern="-5" kpx2="61"/><pair kern="-5" kpx2="60"/><pair kern="-10" kpx2="71"/><pair kern="-10" kpx2="339"/><pair kern="-10" kpx2="67"/><pair kern="-10" kpx2="79"/><pair kern="-10" kpx2="8211"/><pair kern="-10" kpx2="81"/><pair kern="-10" kpx2="216"/><pair kern="-10" kpx2="8212"/><pair kern="-10" kpx2="212"/><pair kern="-10" kpx2="8218"/><pair kern="-10" kpx2="213"/><pair kern="-10" kpx2="214"/><pair kern="-10" kpx2="8222"/><pair kern="-10" kpx2="210"/><pair kern="-10" kpx2="211"/><pair kern="-5" kpx2="103"/><pair kern="-10" kpx2="100"/><pair kern="-10" kpx2="101"/><pair kern="-10" kpx2="99"/><pair kern="-10" kpx2="8230"/><pair kern="-5" kpx2="233"/><pair kern="-5" kpx2="97"/><pair kern="-5" kpx2="232"/><pair kern="-10" kpx2="111"/><pair kern="-5" kpx2="230"/><pair kern="-5" kpx2="229"/><pair kern="-5" kpx2="225"/><pair kern="-5" kpx2="224"/><pair kern="-5" kpx2="253"/><pair kern="-5" kpx2="250"/><pair kern="-5" kpx2="115"/><pair kern="-10" kpx2="8722"/><pair kern="-10" kpx2="113"/><pair kern="-10" kpx2="248"/><pair kern="-5" kpx2="249"/><pair kern="-15" kpx2="8249"/><pair kern="-5" kpx2="8734"/><pair kern="-10" kpx2="126"/><pair kern="-5" kpx2="247"/><pair kern="-5" kpx2="8250"/><pair kern="-5" kpx2="242"/><pair kern="-5" kpx2="243"/></kerning><kerning kpx1="86"><pair kern="-15" kpx2="8800"/><pair kern="-15" kpx2="8804"/><pair kern="-15" kpx2="8805"/><pair kern="-25" kpx2="171"/><pair kern="-30" kpx2="173"/><pair kern="-30" kpx2="172"/><pair kern="-15" kpx2="43"/><pair kern="-15" kpx2="8776"/><pair kern="-50" kpx2="46"/><pair kern="-50" kpx2="44"/><pair kern="-30" kpx2="45"/><pair kern="-15" kpx2="187"/><pair kern="-10" kpx2="59"/><pair kern="-10" kpx2="58"/><pair kern="-15" kpx2="177"/><pair kern="-15" kpx2="62"/><pair kern="-10" kpx2="183"/><pair kern="-15" kpx2="61"/><pair kern="-15" kpx2="181"/><pair kern="-15" kpx2="60"/><pair kern="-15" kpx2="71"/><pair kern="-30" kpx2="339"/><pair kern="-40" kpx2="65"/><pair kern="-15" kpx2="67"/><pair kern="-40" kpx2="197"/><pair kern="-40" kpx2="196"/><pair kern="-15" kpx2="79"/><pair kern="-40" kpx2="198"/><pair kern="-40" kpx2="193"/><pair kern="-40" kpx2="192"/><pair kern="-40" kpx2="195"/><pair kern="-40" kpx2="194"/><pair kern="-30" kpx2="8211"/><pair kern="-15" kpx2="81"/><pair kern="-15" kpx2="216"/><pair kern="-30" kpx2="8212"/><pair kern="-15" kpx2="212"/><pair kern="-15" kpx2="213"/><pair kern="-50" kpx2="8218"/><pair kern="-15" kpx2="214"/><pair kern="-50" kpx2="8222"/><pair kern="-15" kpx2="210"/><pair kern="-15" kpx2="211"/><pair kern="-20" kpx2="103"/><pair kern="-30" kpx2="100"/><pair kern="-10" kpx2="8226"/><pair kern="-30" kpx2="101"/><pair kern="-10" kpx2="235"/><pair kern="-10" kpx2="234"/><pair kern="-30" kpx2="99"/><pair kern="-15" kpx2="233"/><pair kern="-50" kpx2="8230"/><pair kern="-15" kpx2="232"/><pair kern="-20" kpx2="97"/><pair kern="-15" kpx2="110"/><pair kern="-30" kpx2="111"/><pair kern="-20" kpx2="230"/><pair kern="-15" kpx2="229"/><pair kern="-10" kpx2="382"/><pair kern="-10" kpx2="228"/><pair kern="-15" kpx2="109"/><pair kern="-10" kpx2="227"/><pair kern="-10" kpx2="226"/><pair kern="-15" kpx2="225"/><pair kern="-15" kpx2="224"/><pair kern="-15" kpx2="119"/><pair kern="-10" kpx2="255"/><pair kern="-15" kpx2="118"/><pair kern="-10" kpx2="252"/><pair kern="-15" kpx2="117"/><pair kern="-15" kpx2="253"/><pair kern="-15" kpx2="250"/><pair kern="-20" kpx2="115"/><pair kern="-10" kpx2="251"/><pair kern="-10" kpx2="353"/><pair kern="-30" kpx2="8722"/><pair kern="-15" kpx2="114"/><pair kern="-30" kpx2="113"/><pair kern="-30" kpx2="248"/><pair kern="-15" kpx2="249"/><pair kern="-15" kpx2="112"/><pair kern="-10" kpx2="246"/><pair kern="-25" kpx2="8249"/><pair kern="-15" kpx2="8734"/><pair kern="-15" kpx2="247"/><pair kern="-30" kpx2="126"/><pair kern="-10" kpx2="244"/><pair kern="-10" kpx2="245"/><pair kern="-15" kpx2="8250"/><pair kern="-15" kpx2="242"/><pair kern="-15" kpx2="243"/><pair kern="-15" kpx2="122"/><pair kern="-15" kpx2="121"/><pair kern="-10" kpx2="241"/><pair kern="-15" kpx2="120"/></kerning><kerning kpx1="81"><pair kern="-20" kpx2="65"/><pair kern="-5" kpx2="381"/><pair kern="-20" kpx2="197"/><pair kern="-20" kpx2="196"/><pair kern="-20" kpx2="198"/><pair kern="-20" kpx2="193"/><pair kern="-30" kpx2="376"/><pair kern="-20" kpx2="192"/><pair kern="-20" kpx2="195"/><pair kern="-30" kpx2="74"/><pair kern="-20" kpx2="194"/><pair kern="-30" kpx2="221"/><pair kern="-20" kpx2="84"/><pair kern="-10" kpx2="87"/><pair kern="-15" kpx2="86"/><pair kern="-30" kpx2="89"/><pair kern="-20" kpx2="88"/><pair kern="-5" kpx2="90"/></kerning><kerning kpx1="80"><pair kern="-100" kpx2="46"/><pair kern="-100" kpx2="44"/><pair kern="-10" kpx2="181"/><pair kern="-35" kpx2="339"/><pair kern="-40" kpx2="65"/><pair kern="-40" kpx2="197"/><pair kern="-40" kpx2="196"/><pair kern="-40" kpx2="198"/><pair kern="-40" kpx2="193"/><pair kern="-40" kpx2="192"/><pair kern="-25" kpx2="74"/><pair kern="-40" kpx2="195"/><pair kern="-40" kpx2="194"/><pair kern="-20" kpx2="84"/><pair kern="-15" kpx2="221"/><pair kern="-15" kpx2="86"/><pair kern="-100" kpx2="8218"/><pair kern="-15" kpx2="89"/><pair kern="-100" kpx2="8222"/><pair kern="-30" kpx2="103"/><pair kern="-35" kpx2="100"/><pair kern="-35" kpx2="101"/><pair kern="-10" kpx2="235"/><pair kern="-35" kpx2="99"/><pair kern="-10" kpx2="234"/><pair kern="-100" kpx2="8230"/><pair kern="-10" kpx2="233"/><pair kern="-20" kpx2="232"/><pair kern="-30" kpx2="97"/><pair kern="-10" kpx2="110"/><pair kern="-35" kpx2="111"/><pair kern="-30" kpx2="230"/><pair kern="-20" kpx2="229"/><pair kern="-10" kpx2="382"/><pair kern="-10" kpx2="109"/><pair kern="-10" kpx2="228"/><pair kern="-10" kpx2="227"/><pair kern="-15" kpx2="376"/><pair kern="-10" kpx2="226"/><pair kern="-10" kpx2="225"/><pair kern="-20" kpx2="224"/><pair kern="-10" kpx2="119"/><pair kern="-10" kpx2="255"/><pair kern="-10" kpx2="118"/><pair kern="-10" kpx2="252"/><pair kern="-10" kpx2="117"/><pair kern="-10" kpx2="253"/><pair kern="-10" kpx2="250"/><pair kern="-30" kpx2="115"/><pair kern="-10" kpx2="251"/><pair kern="-10" kpx2="353"/><pair kern="-10" kpx2="114"/><pair kern="-35" kpx2="113"/><pair kern="-35" kpx2="248"/><pair kern="-20" kpx2="249"/><pair kern="-10" kpx2="112"/><pair kern="-10" kpx2="246"/><pair kern="-10" kpx2="244"/><pair kern="-10" kpx2="245"/><pair kern="-20" kpx2="242"/><pair kern="-10" kpx2="243"/><pair kern="-10" kpx2="122"/><pair kern="-10" kpx2="121"/><pair kern="-10" kpx2="241"/><pair kern="-10" kpx2="120"/></kerning><kerning kpx1="83"><pair kern="-10" kpx2="119"/><pair kern="-15" kpx2="255"/><pair kern="-5" kpx2="221"/><pair kern="-15" kpx2="118"/><pair kern="-15" kpx2="253"/><pair kern="-15" kpx2="352"/><pair kern="-15" kpx2="83"/><pair kern="-5" kpx2="89"/><pair kern="-5" kpx2="376"/><pair kern="-15" kpx2="121"/></kerning><kerning kpx1="82"><pair kern="-10" kpx2="71"/><pair kern="-10" kpx2="216"/><pair kern="-10" kpx2="81"/><pair kern="-10" kpx2="67"/><pair kern="-10" kpx2="212"/><pair kern="-10" kpx2="213"/><pair kern="-10" kpx2="214"/><pair kern="-10" kpx2="79"/><pair kern="-10" kpx2="210"/><pair kern="-10" kpx2="211"/></kerning><kerning kpx1="8212"><pair kern="-20" kpx2="65"/><pair kern="-20" kpx2="197"/><pair kern="-20" kpx2="196"/><pair kern="-20" kpx2="198"/><pair kern="-20" kpx2="193"/><pair kern="-20" kpx2="192"/><pair kern="-60" kpx2="74"/><pair kern="-20" kpx2="195"/><pair kern="-20" kpx2="194"/><pair kern="-45" kpx2="84"/><pair kern="-50" kpx2="221"/><pair kern="-10" kpx2="87"/><pair kern="-30" kpx2="86"/><pair kern="-50" kpx2="89"/><pair kern="-50" kpx2="376"/><pair kern="-5" kpx2="119"/><pair kern="-10" kpx2="118"/><pair kern="-25" kpx2="50"/><pair kern="-10" kpx2="255"/><pair kern="-30" kpx2="49"/><pair kern="-10" kpx2="253"/><pair kern="-50" kpx2="55"/><pair kern="-40" kpx2="122"/><pair kern="-10" kpx2="121"/><pair kern="-20" kpx2="120"/></kerning><kerning kpx1="321"><pair kern="-20" kpx2="71"/><pair kern="-20" kpx2="67"/><pair kern="-20" kpx2="79"/><pair kern="-60" kpx2="8211"/><pair kern="-35" kpx2="84"/><pair kern="-45" kpx2="221"/><pair kern="-15" kpx2="87"/><pair kern="-30" kpx2="86"/><pair kern="-20" kpx2="81"/><pair kern="-20" kpx2="216"/><pair kern="-60" kpx2="8212"/><pair kern="-20" kpx2="212"/><pair kern="-20" kpx2="213"/><pair kern="-20" kpx2="214"/><pair kern="-45" kpx2="89"/><pair kern="-20" kpx2="210"/><pair kern="-20" kpx2="211"/><pair kern="-60" kpx2="173"/><pair kern="-60" kpx2="172"/><pair kern="-45" kpx2="376"/><pair kern="-60" kpx2="45"/><pair kern="-10" kpx2="119"/><pair kern="-20" kpx2="255"/><pair kern="-20" kpx2="118"/><pair kern="-20" kpx2="253"/><pair kern="-60" kpx2="8722"/><pair kern="-60" kpx2="126"/><pair kern="-20" kpx2="121"/></kerning><kerning kpx1="8218"><pair kern="-30" kpx2="119"/><pair kern="-45" kpx2="255"/><pair kern="-70" kpx2="221"/><pair kern="-45" kpx2="118"/><pair kern="-60" kpx2="84"/><pair kern="-10" kpx2="87"/><pair kern="-45" kpx2="253"/><pair kern="-50" kpx2="86"/><pair kern="-30" kpx2="55"/><pair kern="-70" kpx2="89"/><pair kern="-70" kpx2="376"/><pair kern="-45" kpx2="121"/></kerning><kerning kpx1="89"><pair kern="-35" kpx2="8800"/><pair kern="-35" kpx2="8804"/><pair kern="-35" kpx2="8805"/><pair kern="-60" kpx2="171"/><pair kern="-50" kpx2="173"/><pair kern="-50" kpx2="172"/><pair kern="-35" kpx2="43"/><pair kern="-35" kpx2="8776"/><pair kern="-70" kpx2="46"/><pair kern="-70" kpx2="44"/><pair kern="-50" kpx2="45"/><pair kern="-40" kpx2="187"/><pair kern="-30" kpx2="59"/><pair kern="-30" kpx2="58"/><pair kern="-35" kpx2="177"/><pair kern="-35" kpx2="62"/><pair kern="-30" kpx2="183"/><pair kern="-35" kpx2="61"/><pair kern="-40" kpx2="181"/><pair kern="-35" kpx2="60"/><pair kern="-30" kpx2="71"/><pair kern="-65" kpx2="339"/><pair kern="-30" kpx2="67"/><pair kern="-30" kpx2="79"/><pair kern="-50" kpx2="8211"/><pair kern="-30" kpx2="81"/><pair kern="-30" kpx2="216"/><pair kern="-15" kpx2="83"/><pair kern="-50" kpx2="8212"/><pair kern="-30" kpx2="212"/><pair kern="-30" kpx2="213"/><pair kern="-70" kpx2="8218"/><pair kern="-30" kpx2="214"/><pair kern="-70" kpx2="8222"/><pair kern="-30" kpx2="210"/><pair kern="-30" kpx2="211"/><pair kern="-60" kpx2="103"/><pair kern="-65" kpx2="100"/><pair kern="-30" kpx2="8226"/><pair kern="-65" kpx2="101"/><pair kern="-30" kpx2="235"/><pair kern="-30" kpx2="234"/><pair kern="-65" kpx2="99"/><pair kern="-45" kpx2="233"/><pair kern="-70" kpx2="8230"/><pair kern="-45" kpx2="232"/><pair kern="-60" kpx2="97"/><pair kern="-40" kpx2="110"/><pair kern="-65" kpx2="111"/><pair kern="-60" kpx2="230"/><pair kern="-45" kpx2="229"/><pair kern="-30" kpx2="382"/><pair kern="-30" kpx2="228"/><pair kern="-40" kpx2="109"/><pair kern="-30" kpx2="227"/><pair kern="-30" kpx2="226"/><pair kern="-45" kpx2="225"/><pair kern="-45" kpx2="224"/><pair kern="-40" kpx2="119"/><pair kern="-30" kpx2="255"/><pair kern="-40" kpx2="118"/><pair kern="-30" kpx2="252"/><pair kern="-40" kpx2="117"/><pair kern="-45" kpx2="253"/><pair kern="-45" kpx2="250"/><pair kern="-15" kpx2="352"/><pair kern="-60" kpx2="115"/><pair kern="-30" kpx2="251"/><pair kern="-30" kpx2="353"/><pair kern="-50" kpx2="8722"/><pair kern="-40" kpx2="114"/><pair kern="-65" kpx2="113"/><pair kern="-65" kpx2="248"/><pair kern="-45" kpx2="249"/><pair kern="-40" kpx2="112"/><pair kern="-30" kpx2="246"/><pair kern="-60" kpx2="8249"/><pair kern="-35" kpx2="8734"/><pair kern="-35" kpx2="247"/><pair kern="-50" kpx2="126"/><pair kern="-30" kpx2="244"/><pair kern="-30" kpx2="245"/><pair kern="-40" kpx2="8250"/><pair kern="-45" kpx2="242"/><pair kern="-45" kpx2="243"/><pair kern="-40" kpx2="122"/><pair kern="-40" kpx2="121"/><pair kern="-30" kpx2="241"/><pair kern="-40" kpx2="120"/></kerning><kerning kpx1="88"><pair kern="-25" kpx2="8800"/><pair kern="-20" kpx2="71"/><pair kern="-25" kpx2="8804"/><pair kern="-20" kpx2="339"/><pair kern="-25" kpx2="8805"/><pair kern="-20" kpx2="67"/><pair kern="-20" kpx2="79"/><pair kern="-20" kpx2="81"/><pair kern="-20" kpx2="216"/><pair kern="-20" kpx2="212"/><pair kern="-20" kpx2="213"/><pair kern="-20" kpx2="214"/><pair kern="-20" kpx2="210"/><pair kern="-20" kpx2="211"/><pair kern="-10" kpx2="103"/><pair kern="-20" kpx2="100"/><pair kern="-20" kpx2="101"/><pair kern="-20" kpx2="99"/><pair kern="-10" kpx2="97"/><pair kern="-25" kpx2="43"/><pair kern="-20" kpx2="111"/><pair kern="-10" kpx2="230"/><pair kern="-25" kpx2="8776"/><pair kern="-15" kpx2="119"/><pair kern="-20" kpx2="255"/><pair kern="-20" kpx2="118"/><pair kern="-20" kpx2="253"/><pair kern="-10" kpx2="115"/><pair kern="-20" kpx2="113"/><pair kern="-20" kpx2="248"/><pair kern="-25" kpx2="8734"/><pair kern="-25" kpx2="247"/><pair kern="-25" kpx2="177"/><pair kern="-25" kpx2="62"/><pair kern="-25" kpx2="61"/><pair kern="-20" kpx2="121"/><pair kern="-25" kpx2="60"/></kerning><kerning kpx1="8222"><pair kern="-30" kpx2="119"/><pair kern="-45" kpx2="255"/><pair kern="-70" kpx2="221"/><pair kern="-45" kpx2="118"/><pair kern="-60" kpx2="84"/><pair kern="-10" kpx2="87"/><pair kern="-45" kpx2="253"/><pair kern="-50" kpx2="86"/><pair kern="-30" kpx2="55"/><pair kern="-70" kpx2="89"/><pair kern="-70" kpx2="376"/><pair kern="-45" kpx2="121"/></kerning><kerning kpx1="103"><pair kern="-8" kpx2="119"/><pair kern="-10" kpx2="255"/><pair kern="-60" kpx2="221"/><pair kern="-10" kpx2="118"/><pair kern="-70" kpx2="84"/><pair kern="-5" kpx2="87"/><pair kern="-10" kpx2="253"/><pair kern="-20" kpx2="86"/><pair kern="-60" kpx2="89"/><pair kern="-60" kpx2="376"/><pair kern="-5" kpx2="88"/><pair kern="-10" kpx2="121"/></kerning><kerning kpx1="8226"><pair kern="-30" kpx2="221"/><pair kern="-30" kpx2="84"/><pair kern="-10" kpx2="86"/><pair kern="-30" kpx2="89"/><pair kern="-30" kpx2="376"/></kerning><kerning kpx1="101"><pair kern="-65" kpx2="376"/><pair kern="-10" kpx2="119"/><pair kern="-70" kpx2="84"/><pair kern="-15" kpx2="118"/><pair kern="-65" kpx2="221"/><pair kern="-15" kpx2="255"/><pair kern="-10" kpx2="87"/><pair kern="-30" kpx2="86"/><pair kern="-15" kpx2="253"/><pair kern="-65" kpx2="89"/><pair kern="-20" kpx2="88"/><pair kern="-15" kpx2="121"/><pair kern="-15" kpx2="120"/></kerning><kerning kpx1="98"><pair kern="-65" kpx2="376"/><pair kern="-10" kpx2="119"/><pair kern="-70" kpx2="84"/><pair kern="-15" kpx2="118"/><pair kern="-65" kpx2="221"/><pair kern="-15" kpx2="255"/><pair kern="-10" kpx2="87"/><pair kern="-30" kpx2="86"/><pair kern="-15" kpx2="253"/><pair kern="-65" kpx2="89"/><pair kern="-20" kpx2="88"/><pair kern="-15" kpx2="121"/><pair kern="-15" kpx2="120"/></kerning><kerning kpx1="99"><pair kern="-20" kpx2="171"/><pair kern="-10" kpx2="100"/><pair kern="-10" kpx2="101"/><pair kern="-10" kpx2="339"/><pair kern="-10" kpx2="99"/><pair kern="-50" kpx2="173"/><pair kern="-50" kpx2="172"/><pair kern="-10" kpx2="111"/><pair kern="-60" kpx2="376"/><pair kern="-50" kpx2="45"/><pair kern="-50" kpx2="8211"/><pair kern="-8" kpx2="119"/><pair kern="-60" kpx2="221"/><pair kern="-65" kpx2="84"/><pair kern="-5" kpx2="87"/><pair kern="-20" kpx2="86"/><pair kern="-50" kpx2="8722"/><pair kern="-10" kpx2="248"/><pair kern="-10" kpx2="113"/><pair kern="-50" kpx2="8212"/><pair kern="-20" kpx2="8249"/><pair kern="-50" kpx2="126"/><pair kern="-60" kpx2="89"/><pair kern="-5" kpx2="88"/></kerning><kerning kpx1="8230"><pair kern="-30" kpx2="119"/><pair kern="-45" kpx2="255"/><pair kern="-70" kpx2="221"/><pair kern="-45" kpx2="118"/><pair kern="-60" kpx2="84"/><pair kern="-10" kpx2="87"/><pair kern="-45" kpx2="253"/><pair kern="-50" kpx2="86"/><pair kern="-30" kpx2="55"/><pair kern="-70" kpx2="89"/><pair kern="-70" kpx2="376"/><pair kern="-45" kpx2="121"/></kerning><kerning kpx1="97"><pair kern="-8" kpx2="119"/><pair kern="-60" kpx2="221"/><pair kern="-65" kpx2="84"/><pair kern="-5" kpx2="87"/><pair kern="-20" kpx2="86"/><pair kern="-60" kpx2="89"/><pair kern="-60" kpx2="376"/><pair kern="-5" kpx2="88"/></kerning><kerning kpx1="110"><pair kern="-5" kpx2="119"/><pair kern="-10" kpx2="255"/><pair kern="-40" kpx2="221"/><pair kern="-10" kpx2="118"/><pair kern="-70" kpx2="84"/><pair kern="-10" kpx2="253"/><pair kern="-15" kpx2="86"/><pair kern="-40" kpx2="89"/><pair kern="-40" kpx2="376"/><pair kern="-10" kpx2="121"/></kerning><kerning kpx1="111"><pair kern="-65" kpx2="376"/><pair kern="-10" kpx2="119"/><pair kern="-70" kpx2="84"/><pair kern="-15" kpx2="118"/><pair kern="-65" kpx2="221"/><pair kern="-15" kpx2="255"/><pair kern="-10" kpx2="87"/><pair kern="-30" kpx2="86"/><pair kern="-15" kpx2="253"/><pair kern="-65" kpx2="89"/><pair kern="-20" kpx2="88"/><pair kern="-15" kpx2="121"/><pair kern="-15" kpx2="120"/></kerning><kerning kpx1="108"><pair kern="-30" kpx2="8211"/><pair kern="-30" kpx2="8722"/><pair kern="-30" kpx2="173"/><pair kern="-30" kpx2="172"/><pair kern="-30" kpx2="8212"/><pair kern="-30" kpx2="126"/><pair kern="-30" kpx2="45"/></kerning><kerning kpx1="382"><pair kern="-30" kpx2="221"/><pair kern="-10" kpx2="86"/><pair kern="-30" kpx2="89"/><pair kern="-30" kpx2="376"/></kerning><kerning kpx1="109"><pair kern="-5" kpx2="119"/><pair kern="-10" kpx2="255"/><pair kern="-40" kpx2="221"/><pair kern="-10" kpx2="118"/><pair kern="-70" kpx2="84"/><pair kern="-10" kpx2="253"/><pair kern="-15" kpx2="86"/><pair kern="-40" kpx2="89"/><pair kern="-40" kpx2="376"/><pair kern="-10" kpx2="121"/></kerning><kerning kpx1="107"><pair kern="-15" kpx2="339"/><pair kern="-25" kpx2="8211"/><pair kern="-70" kpx2="84"/><pair kern="-40" kpx2="221"/><pair kern="-15" kpx2="86"/><pair kern="-25" kpx2="8212"/><pair kern="-40" kpx2="89"/><pair kern="-25" kpx2="171"/><pair kern="-15" kpx2="100"/><pair kern="-15" kpx2="101"/><pair kern="-15" kpx2="99"/><pair kern="-25" kpx2="173"/><pair kern="-25" kpx2="172"/><pair kern="-15" kpx2="111"/><pair kern="-40" kpx2="376"/><pair kern="-25" kpx2="45"/><pair kern="-5" kpx2="119"/><pair kern="-10" kpx2="118"/><pair kern="-10" kpx2="255"/><pair kern="-10" kpx2="253"/><pair kern="-25" kpx2="8722"/><pair kern="-15" kpx2="113"/><pair kern="-15" kpx2="248"/><pair kern="-25" kpx2="8249"/><pair kern="-25" kpx2="126"/><pair kern="-10" kpx2="121"/></kerning><kerning kpx1="376"><pair kern="-35" kpx2="8800"/><pair kern="-35" kpx2="8804"/><pair kern="-35" kpx2="8805"/><pair kern="-60" kpx2="171"/><pair kern="-50" kpx2="173"/><pair kern="-50" kpx2="172"/><pair kern="-35" kpx2="43"/><pair kern="-35" kpx2="8776"/><pair kern="-70" kpx2="46"/><pair kern="-70" kpx2="44"/><pair kern="-50" kpx2="45"/><pair kern="-40" kpx2="187"/><pair kern="-30" kpx2="59"/><pair kern="-30" kpx2="58"/><pair kern="-35" kpx2="177"/><pair kern="-35" kpx2="62"/><pair kern="-30" kpx2="183"/><pair kern="-35" kpx2="61"/><pair kern="-40" kpx2="181"/><pair kern="-35" kpx2="60"/><pair kern="-30" kpx2="71"/><pair kern="-65" kpx2="339"/><pair kern="-30" kpx2="67"/><pair kern="-30" kpx2="79"/><pair kern="-50" kpx2="8211"/><pair kern="-30" kpx2="81"/><pair kern="-30" kpx2="216"/><pair kern="-15" kpx2="83"/><pair kern="-50" kpx2="8212"/><pair kern="-30" kpx2="212"/><pair kern="-30" kpx2="213"/><pair kern="-70" kpx2="8218"/><pair kern="-30" kpx2="214"/><pair kern="-70" kpx2="8222"/><pair kern="-30" kpx2="210"/><pair kern="-30" kpx2="211"/><pair kern="-60" kpx2="103"/><pair kern="-65" kpx2="100"/><pair kern="-30" kpx2="8226"/><pair kern="-65" kpx2="101"/><pair kern="-30" kpx2="235"/><pair kern="-30" kpx2="234"/><pair kern="-65" kpx2="99"/><pair kern="-45" kpx2="233"/><pair kern="-70" kpx2="8230"/><pair kern="-45" kpx2="232"/><pair kern="-60" kpx2="97"/><pair kern="-40" kpx2="110"/><pair kern="-65" kpx2="111"/><pair kern="-60" kpx2="230"/><pair kern="-45" kpx2="229"/><pair kern="-30" kpx2="382"/><pair kern="-30" kpx2="228"/><pair kern="-40" kpx2="109"/><pair kern="-30" kpx2="227"/><pair kern="-30" kpx2="226"/><pair kern="-45" kpx2="225"/><pair kern="-45" kpx2="224"/><pair kern="-40" kpx2="119"/><pair kern="-30" kpx2="255"/><pair kern="-40" kpx2="118"/><pair kern="-30" kpx2="252"/><pair kern="-40" kpx2="117"/><pair kern="-45" kpx2="253"/><pair kern="-45" kpx2="250"/><pair kern="-15" kpx2="352"/><pair kern="-60" kpx2="115"/><pair kern="-30" kpx2="251"/><pair kern="-30" kpx2="353"/><pair kern="-50" kpx2="8722"/><pair kern="-40" kpx2="114"/><pair kern="-65" kpx2="113"/><pair kern="-65" kpx2="248"/><pair kern="-45" kpx2="249"/><pair kern="-40" kpx2="112"/><pair kern="-30" kpx2="246"/><pair kern="-60" kpx2="8249"/><pair kern="-35" kpx2="8734"/><pair kern="-35" kpx2="247"/><pair kern="-50" kpx2="126"/><pair kern="-30" kpx2="244"/><pair kern="-30" kpx2="245"/><pair kern="-40" kpx2="8250"/><pair kern="-45" kpx2="242"/><pair kern="-45" kpx2="243"/><pair kern="-40" kpx2="122"/><pair kern="-40" kpx2="121"/><pair kern="-30" kpx2="241"/><pair kern="-40" kpx2="120"/></kerning><kerning kpx1="104"><pair kern="-5" kpx2="119"/><pair kern="-10" kpx2="255"/><pair kern="-40" kpx2="221"/><pair kern="-10" kpx2="118"/><pair kern="-70" kpx2="84"/><pair kern="-10" kpx2="253"/><pair kern="-15" kpx2="86"/><pair kern="-40" kpx2="89"/><pair kern="-40" kpx2="376"/><pair kern="-10" kpx2="121"/></kerning><kerning kpx1="119"><pair kern="-10" kpx2="339"/><pair kern="-15" kpx2="65"/><pair kern="-15" kpx2="197"/><pair kern="-15" kpx2="196"/><pair kern="-15" kpx2="198"/><pair kern="-15" kpx2="193"/><pair kern="-15" kpx2="192"/><pair kern="-15" kpx2="195"/><pair kern="-15" kpx2="194"/><pair kern="-5" kpx2="8211"/><pair kern="-40" kpx2="221"/><pair kern="-70" kpx2="84"/><pair kern="-15" kpx2="86"/><pair kern="-5" kpx2="8212"/><pair kern="-30" kpx2="8218"/><pair kern="-40" kpx2="89"/><pair kern="-30" kpx2="8222"/><pair kern="-10" kpx2="171"/><pair kern="-8" kpx2="103"/><pair kern="-10" kpx2="100"/><pair kern="-10" kpx2="101"/><pair kern="-10" kpx2="99"/><pair kern="-5" kpx2="173"/><pair kern="-30" kpx2="8230"/><pair kern="-5" kpx2="172"/><pair kern="-8" kpx2="97"/><pair kern="-8" kpx2="230"/><pair kern="-10" kpx2="111"/><pair kern="-30" kpx2="46"/><pair kern="-40" kpx2="376"/><pair kern="-30" kpx2="44"/><pair kern="-5" kpx2="45"/><pair kern="-5" kpx2="119"/><pair kern="-10" kpx2="255"/><pair kern="-10" kpx2="118"/><pair kern="-10" kpx2="253"/><pair kern="-8" kpx2="115"/><pair kern="-5" kpx2="8722"/><pair kern="-10" kpx2="248"/><pair kern="-10" kpx2="113"/><pair kern="-10" kpx2="8249"/><pair kern="-5" kpx2="126"/><pair kern="-10" kpx2="121"/></kerning><kerning kpx1="118"><pair kern="-15" kpx2="339"/><pair kern="-20" kpx2="65"/><pair kern="-20" kpx2="197"/><pair kern="-20" kpx2="196"/><pair kern="-20" kpx2="198"/><pair kern="-20" kpx2="193"/><pair kern="-20" kpx2="192"/><pair kern="-20" kpx2="195"/><pair kern="-20" kpx2="194"/><pair kern="-10" kpx2="8211"/><pair kern="-40" kpx2="221"/><pair kern="-70" kpx2="84"/><pair kern="-15" kpx2="86"/><pair kern="-10" kpx2="8212"/><pair kern="-45" kpx2="8218"/><pair kern="-40" kpx2="89"/><pair kern="-45" kpx2="8222"/><pair kern="-15" kpx2="171"/><pair kern="-15" kpx2="100"/><pair kern="-15" kpx2="101"/><pair kern="-15" kpx2="99"/><pair kern="-10" kpx2="173"/><pair kern="-45" kpx2="8230"/><pair kern="-10" kpx2="172"/><pair kern="-15" kpx2="111"/><pair kern="-45" kpx2="46"/><pair kern="-40" kpx2="376"/><pair kern="-45" kpx2="44"/><pair kern="-10" kpx2="45"/><pair kern="-5" kpx2="119"/><pair kern="-10" kpx2="255"/><pair kern="-10" kpx2="118"/><pair kern="-10" kpx2="253"/><pair kern="-10" kpx2="8722"/><pair kern="-15" kpx2="113"/><pair kern="-15" kpx2="248"/><pair kern="-15" kpx2="8249"/><pair kern="-10" kpx2="126"/><pair kern="-10" kpx2="121"/></kerning><kerning kpx1="117"><pair kern="-5" kpx2="119"/><pair kern="-10" kpx2="255"/><pair kern="-40" kpx2="221"/><pair kern="-10" kpx2="118"/><pair kern="-70" kpx2="84"/><pair kern="-10" kpx2="253"/><pair kern="-15" kpx2="86"/><pair kern="-40" kpx2="89"/><pair kern="-40" kpx2="376"/><pair kern="-10" kpx2="121"/></kerning><kerning kpx1="115"><pair kern="-8" kpx2="119"/><pair kern="-60" kpx2="221"/><pair kern="-65" kpx2="84"/><pair kern="-5" kpx2="87"/><pair kern="-20" kpx2="86"/><pair kern="-10" kpx2="115"/><pair kern="-10" kpx2="353"/><pair kern="-60" kpx2="89"/><pair kern="-60" kpx2="376"/><pair kern="-5" kpx2="88"/></kerning><kerning kpx1="352"><pair kern="-10" kpx2="119"/><pair kern="-15" kpx2="255"/><pair kern="-5" kpx2="221"/><pair kern="-15" kpx2="118"/><pair kern="-15" kpx2="253"/><pair kern="-15" kpx2="352"/><pair kern="-15" kpx2="83"/><pair kern="-5" kpx2="89"/><pair kern="-5" kpx2="376"/><pair kern="-15" kpx2="121"/></kerning><kerning kpx1="353"><pair kern="-30" kpx2="221"/><pair kern="-10" kpx2="86"/><pair kern="-10" kpx2="115"/><pair kern="-10" kpx2="353"/><pair kern="-30" kpx2="89"/><pair kern="-30" kpx2="376"/></kerning><kerning kpx1="114"><pair kern="-15" kpx2="339"/><pair kern="-20" kpx2="65"/><pair kern="-20" kpx2="197"/><pair kern="-20" kpx2="196"/><pair kern="-20" kpx2="198"/><pair kern="-20" kpx2="193"/><pair kern="-20" kpx2="192"/><pair kern="-20" kpx2="195"/><pair kern="-20" kpx2="194"/><pair kern="-55" kpx2="8211"/><pair kern="-55" kpx2="8212"/><pair kern="-50" kpx2="8218"/><pair kern="-50" kpx2="8222"/><pair kern="-25" kpx2="171"/><pair kern="-5" kpx2="103"/><pair kern="-15" kpx2="100"/><pair kern="-15" kpx2="101"/><pair kern="-15" kpx2="99"/><pair kern="-55" kpx2="173"/><pair kern="-50" kpx2="8230"/><pair kern="-5" kpx2="97"/><pair kern="-55" kpx2="172"/><pair kern="-15" kpx2="111"/><pair kern="-5" kpx2="230"/><pair kern="-50" kpx2="46"/><pair kern="-50" kpx2="44"/><pair kern="-55" kpx2="45"/><pair kern="-5" kpx2="115"/><pair kern="-55" kpx2="8722"/><pair kern="-15" kpx2="113"/><pair kern="-15" kpx2="248"/><pair kern="-25" kpx2="8249"/><pair kern="-55" kpx2="126"/></kerning><kerning kpx1="8722"><pair kern="-20" kpx2="65"/><pair kern="-20" kpx2="197"/><pair kern="-20" kpx2="196"/><pair kern="-20" kpx2="198"/><pair kern="-20" kpx2="193"/><pair kern="-20" kpx2="192"/><pair kern="-60" kpx2="74"/><pair kern="-20" kpx2="195"/><pair kern="-20" kpx2="194"/><pair kern="-45" kpx2="84"/><pair kern="-50" kpx2="221"/><pair kern="-10" kpx2="87"/><pair kern="-30" kpx2="86"/><pair kern="-50" kpx2="89"/><pair kern="-50" kpx2="376"/><pair kern="-5" kpx2="119"/><pair kern="-10" kpx2="118"/><pair kern="-25" kpx2="50"/><pair kern="-10" kpx2="255"/><pair kern="-30" kpx2="49"/><pair kern="-10" kpx2="253"/><pair kern="-50" kpx2="55"/><pair kern="-40" kpx2="122"/><pair kern="-10" kpx2="121"/><pair kern="-20" kpx2="120"/></kerning><kerning kpx1="113"><pair kern="-5" kpx2="119"/><pair kern="-10" kpx2="255"/><pair kern="-40" kpx2="221"/><pair kern="-10" kpx2="118"/><pair kern="-70" kpx2="84"/><pair kern="-10" kpx2="253"/><pair kern="-15" kpx2="86"/><pair kern="-40" kpx2="89"/><pair kern="-40" kpx2="376"/><pair kern="-10" kpx2="121"/></kerning><kerning kpx1="112"><pair kern="-65" kpx2="376"/><pair kern="-10" kpx2="119"/><pair kern="-70" kpx2="84"/><pair kern="-15" kpx2="118"/><pair kern="-65" kpx2="221"/><pair kern="-15" kpx2="255"/><pair kern="-10" kpx2="87"/><pair kern="-30" kpx2="86"/><pair kern="-15" kpx2="253"/><pair kern="-65" kpx2="89"/><pair kern="-20" kpx2="88"/><pair kern="-15" kpx2="121"/><pair kern="-15" kpx2="120"/></kerning><kerning kpx1="8249"><pair kern="-15" kpx2="65"/><pair kern="-15" kpx2="197"/><pair kern="-15" kpx2="196"/><pair kern="-15" kpx2="198"/><pair kern="-15" kpx2="193"/><pair kern="-40" kpx2="376"/><pair kern="-15" kpx2="192"/><pair kern="-30" kpx2="74"/><pair kern="-15" kpx2="195"/><pair kern="-15" kpx2="194"/><pair kern="-40" kpx2="221"/><pair kern="-50" kpx2="84"/><pair kern="-5" kpx2="87"/><pair kern="-15" kpx2="86"/><pair kern="-40" kpx2="89"/></kerning><kerning kpx1="8734"><pair kern="-35" kpx2="221"/><pair kern="-40" kpx2="84"/><pair kern="-20" kpx2="50"/><pair kern="-5" kpx2="87"/><pair kern="-25" kpx2="49"/><pair kern="-15" kpx2="86"/><pair kern="-40" kpx2="55"/><pair kern="-35" kpx2="89"/><pair kern="-35" kpx2="376"/><pair kern="-25" kpx2="88"/></kerning><kerning kpx1="126"><pair kern="-20" kpx2="65"/><pair kern="-20" kpx2="197"/><pair kern="-20" kpx2="196"/><pair kern="-20" kpx2="198"/><pair kern="-20" kpx2="193"/><pair kern="-20" kpx2="192"/><pair kern="-60" kpx2="74"/><pair kern="-20" kpx2="195"/><pair kern="-20" kpx2="194"/><pair kern="-45" kpx2="84"/><pair kern="-50" kpx2="221"/><pair kern="-10" kpx2="87"/><pair kern="-30" kpx2="86"/><pair kern="-50" kpx2="89"/><pair kern="-50" kpx2="376"/><pair kern="-5" kpx2="119"/><pair kern="-10" kpx2="118"/><pair kern="-25" kpx2="50"/><pair kern="-10" kpx2="255"/><pair kern="-30" kpx2="49"/><pair kern="-10" kpx2="253"/><pair kern="-50" kpx2="55"/><pair kern="-40" kpx2="122"/><pair kern="-10" kpx2="121"/><pair kern="-20" kpx2="120"/></kerning><kerning kpx1="8250"><pair kern="-30" kpx2="65"/><pair kern="-30" kpx2="197"/><pair kern="-30" kpx2="196"/><pair kern="-30" kpx2="198"/><pair kern="-30" kpx2="193"/><pair kern="-60" kpx2="376"/><pair kern="-30" kpx2="192"/><pair kern="-30" kpx2="195"/><pair kern="-45" kpx2="74"/><pair kern="-30" kpx2="194"/><pair kern="-10" kpx2="119"/><pair kern="-15" kpx2="255"/><pair kern="-60" kpx2="221"/><pair kern="-65" kpx2="84"/><pair kern="-15" kpx2="118"/><pair kern="-15" kpx2="87"/><pair kern="-15" kpx2="253"/><pair kern="-25" kpx2="86"/><pair kern="-60" kpx2="89"/><pair kern="-25" kpx2="122"/><pair kern="-15" kpx2="121"/><pair kern="-25" kpx2="120"/></kerning><kerning kpx1="122"><pair kern="-10" kpx2="171"/><pair kern="-20" kpx2="173"/><pair kern="-20" kpx2="172"/><pair kern="-40" kpx2="376"/><pair kern="-20" kpx2="45"/><pair kern="-5" kpx2="119"/><pair kern="-20" kpx2="8211"/><pair kern="-10" kpx2="255"/><pair kern="-40" kpx2="221"/><pair kern="-70" kpx2="84"/><pair kern="-10" kpx2="118"/><pair kern="-10" kpx2="253"/><pair kern="-15" kpx2="86"/><pair kern="-20" kpx2="8722"/><pair kern="-20" kpx2="8212"/><pair kern="-10" kpx2="8249"/><pair kern="-20" kpx2="126"/><pair kern="-40" kpx2="89"/><pair kern="-10" kpx2="121"/></kerning><kerning kpx1="121"><pair kern="-15" kpx2="339"/><pair kern="-20" kpx2="65"/><pair kern="-20" kpx2="197"/><pair kern="-20" kpx2="196"/><pair kern="-20" kpx2="198"/><pair kern="-20" kpx2="193"/><pair kern="-20" kpx2="192"/><pair kern="-20" kpx2="195"/><pair kern="-20" kpx2="194"/><pair kern="-10" kpx2="8211"/><pair kern="-40" kpx2="221"/><pair kern="-70" kpx2="84"/><pair kern="-15" kpx2="86"/><pair kern="-10" kpx2="8212"/><pair kern="-45" kpx2="8218"/><pair kern="-40" kpx2="89"/><pair kern="-45" kpx2="8222"/><pair kern="-15" kpx2="171"/><pair kern="-15" kpx2="100"/><pair kern="-15" kpx2="101"/><pair kern="-15" kpx2="99"/><pair kern="-10" kpx2="173"/><pair kern="-45" kpx2="8230"/><pair kern="-10" kpx2="172"/><pair kern="-15" kpx2="111"/><pair kern="-45" kpx2="46"/><pair kern="-40" kpx2="376"/><pair kern="-45" kpx2="44"/><pair kern="-10" kpx2="45"/><pair kern="-5" kpx2="119"/><pair kern="-10" kpx2="255"/><pair kern="-10" kpx2="118"/><pair kern="-10" kpx2="253"/><pair kern="-10" kpx2="8722"/><pair kern="-15" kpx2="113"/><pair kern="-15" kpx2="248"/><pair kern="-15" kpx2="8249"/><pair kern="-10" kpx2="126"/><pair kern="-10" kpx2="121"/></kerning><kerning kpx1="120"><pair kern="-15" kpx2="339"/><pair kern="-20" kpx2="8211"/><pair kern="-70" kpx2="84"/><pair kern="-40" kpx2="221"/><pair kern="-15" kpx2="86"/><pair kern="-20" kpx2="8212"/><pair kern="-40" kpx2="89"/><pair kern="-25" kpx2="171"/><pair kern="-15" kpx2="100"/><pair kern="-15" kpx2="101"/><pair kern="-15" kpx2="99"/><pair kern="-20" kpx2="173"/><pair kern="-20" kpx2="172"/><pair kern="-15" kpx2="111"/><pair kern="-40" kpx2="376"/><pair kern="-20" kpx2="45"/><pair kern="-5" kpx2="119"/><pair kern="-10" kpx2="118"/><pair kern="-10" kpx2="255"/><pair kern="-10" kpx2="253"/><pair kern="-20" kpx2="8722"/><pair kern="-15" kpx2="113"/><pair kern="-15" kpx2="248"/><pair kern="-25" kpx2="8249"/><pair kern="-20" kpx2="126"/><pair kern="-10" kpx2="121"/></kerning><kerning kpx1="171"><pair kern="-15" kpx2="65"/><pair kern="-15" kpx2="197"/><pair kern="-15" kpx2="196"/><pair kern="-15" kpx2="198"/><pair kern="-15" kpx2="193"/><pair kern="-40" kpx2="376"/><pair kern="-15" kpx2="192"/><pair kern="-30" kpx2="74"/><pair kern="-15" kpx2="195"/><pair kern="-15" kpx2="194"/><pair kern="-40" kpx2="221"/><pair kern="-50" kpx2="84"/><pair kern="-5" kpx2="87"/><pair kern="-15" kpx2="86"/><pair kern="-40" kpx2="89"/></kerning><kerning kpx1="173"><pair kern="-20" kpx2="65"/><pair kern="-20" kpx2="197"/><pair kern="-20" kpx2="196"/><pair kern="-20" kpx2="198"/><pair kern="-20" kpx2="193"/><pair kern="-20" kpx2="192"/><pair kern="-60" kpx2="74"/><pair kern="-20" kpx2="195"/><pair kern="-20" kpx2="194"/><pair kern="-45" kpx2="84"/><pair kern="-50" kpx2="221"/><pair kern="-10" kpx2="87"/><pair kern="-30" kpx2="86"/><pair kern="-50" kpx2="89"/><pair kern="-50" kpx2="376"/><pair kern="-5" kpx2="119"/><pair kern="-10" kpx2="118"/><pair kern="-25" kpx2="50"/><pair kern="-10" kpx2="255"/><pair kern="-30" kpx2="49"/><pair kern="-10" kpx2="253"/><pair kern="-50" kpx2="55"/><pair kern="-40" kpx2="122"/><pair kern="-10" kpx2="121"/><pair kern="-20" kpx2="120"/></kerning><kerning kpx1="172"><pair kern="-20" kpx2="65"/><pair kern="-20" kpx2="197"/><pair kern="-20" kpx2="196"/><pair kern="-20" kpx2="198"/><pair kern="-20" kpx2="193"/><pair kern="-20" kpx2="192"/><pair kern="-60" kpx2="74"/><pair kern="-20" kpx2="195"/><pair kern="-20" kpx2="194"/><pair kern="-45" kpx2="84"/><pair kern="-50" kpx2="221"/><pair kern="-10" kpx2="87"/><pair kern="-30" kpx2="86"/><pair kern="-50" kpx2="89"/><pair kern="-50" kpx2="376"/><pair kern="-5" kpx2="119"/><pair kern="-10" kpx2="118"/><pair kern="-25" kpx2="50"/><pair kern="-10" kpx2="255"/><pair kern="-30" kpx2="49"/><pair kern="-10" kpx2="253"/><pair kern="-50" kpx2="55"/><pair kern="-40" kpx2="122"/><pair kern="-10" kpx2="121"/><pair kern="-20" kpx2="120"/></kerning><kerning kpx1="187"><pair kern="-30" kpx2="65"/><pair kern="-30" kpx2="197"/><pair kern="-30" kpx2="196"/><pair kern="-30" kpx2="198"/><pair kern="-30" kpx2="193"/><pair kern="-60" kpx2="376"/><pair kern="-30" kpx2="192"/><pair kern="-30" kpx2="195"/><pair kern="-45" kpx2="74"/><pair kern="-30" kpx2="194"/><pair kern="-10" kpx2="119"/><pair kern="-15" kpx2="255"/><pair kern="-60" kpx2="221"/><pair kern="-65" kpx2="84"/><pair kern="-15" kpx2="118"/><pair kern="-15" kpx2="87"/><pair kern="-15" kpx2="253"/><pair kern="-25" kpx2="86"/><pair kern="-60" kpx2="89"/><pair kern="-25" kpx2="122"/><pair kern="-15" kpx2="121"/><pair kern="-25" kpx2="120"/></kerning><kerning kpx1="177"><pair kern="-35" kpx2="221"/><pair kern="-40" kpx2="84"/><pair kern="-20" kpx2="50"/><pair kern="-5" kpx2="87"/><pair kern="-25" kpx2="49"/><pair kern="-15" kpx2="86"/><pair kern="-40" kpx2="55"/><pair kern="-35" kpx2="89"/><pair kern="-35" kpx2="376"/><pair kern="-25" kpx2="88"/></kerning><kerning kpx1="183"><pair kern="-30" kpx2="221"/><pair kern="-30" kpx2="84"/><pair kern="-10" kpx2="86"/><pair kern="-30" kpx2="89"/><pair kern="-30" kpx2="376"/></kerning><kerning kpx1="181"><pair kern="-5" kpx2="119"/><pair kern="-10" kpx2="255"/><pair kern="-40" kpx2="221"/><pair kern="-10" kpx2="118"/><pair kern="-70" kpx2="84"/><pair kern="-10" kpx2="253"/><pair kern="-15" kpx2="86"/><pair kern="-40" kpx2="89"/><pair kern="-40" kpx2="376"/><pair kern="-10" kpx2="121"/></kerning><kerning kpx1="197"><pair kern="-20" kpx2="71"/><pair kern="-20" kpx2="67"/><pair kern="-20" kpx2="79"/><pair kern="-20" kpx2="8211"/><pair kern="-50" kpx2="84"/><pair kern="-40" kpx2="86"/><pair kern="-20" kpx2="81"/><pair kern="-20" kpx2="216"/><pair kern="-20" kpx2="8212"/><pair kern="-20" kpx2="212"/><pair kern="-20" kpx2="213"/><pair kern="-20" kpx2="214"/><pair kern="-20" kpx2="210"/><pair kern="-20" kpx2="211"/><pair kern="-30" kpx2="171"/><pair kern="-20" kpx2="173"/><pair kern="-20" kpx2="172"/><pair kern="-20" kpx2="45"/><pair kern="-15" kpx2="119"/><pair kern="-20" kpx2="255"/><pair kern="-20" kpx2="118"/><pair kern="-15" kpx2="187"/><pair kern="-20" kpx2="253"/><pair kern="-20" kpx2="8722"/><pair kern="-30" kpx2="8249"/><pair kern="-20" kpx2="126"/><pair kern="-15" kpx2="8250"/><pair kern="-20" kpx2="121"/></kerning><kerning kpx1="196"><pair kern="-20" kpx2="71"/><pair kern="-20" kpx2="67"/><pair kern="-20" kpx2="79"/><pair kern="-20" kpx2="8211"/><pair kern="-50" kpx2="84"/><pair kern="-40" kpx2="86"/><pair kern="-20" kpx2="81"/><pair kern="-20" kpx2="216"/><pair kern="-20" kpx2="8212"/><pair kern="-20" kpx2="212"/><pair kern="-20" kpx2="213"/><pair kern="-20" kpx2="214"/><pair kern="-20" kpx2="210"/><pair kern="-20" kpx2="211"/><pair kern="-30" kpx2="171"/><pair kern="-20" kpx2="173"/><pair kern="-20" kpx2="172"/><pair kern="-20" kpx2="45"/><pair kern="-15" kpx2="119"/><pair kern="-20" kpx2="255"/><pair kern="-20" kpx2="118"/><pair kern="-15" kpx2="187"/><pair kern="-20" kpx2="253"/><pair kern="-20" kpx2="8722"/><pair kern="-30" kpx2="8249"/><pair kern="-20" kpx2="126"/><pair kern="-15" kpx2="8250"/><pair kern="-20" kpx2="121"/></kerning><kerning kpx1="199"><pair kern="-20" kpx2="71"/><pair kern="-10" kpx2="339"/><pair kern="-20" kpx2="67"/><pair kern="-20" kpx2="79"/><pair kern="-60" kpx2="8211"/><pair kern="-20" kpx2="81"/><pair kern="-20" kpx2="216"/><pair kern="-60" kpx2="8212"/><pair kern="-20" kpx2="212"/><pair kern="-20" kpx2="213"/><pair kern="-20" kpx2="214"/><pair kern="-20" kpx2="210"/><pair kern="-20" kpx2="211"/><pair kern="-55" kpx2="171"/><pair kern="-10" kpx2="100"/><pair kern="-10" kpx2="101"/><pair kern="-10" kpx2="99"/><pair kern="-60" kpx2="173"/><pair kern="-60" kpx2="172"/><pair kern="-10" kpx2="111"/><pair kern="-60" kpx2="45"/><pair kern="-5" kpx2="119"/><pair kern="-10" kpx2="255"/><pair kern="-10" kpx2="118"/><pair kern="-40" kpx2="187"/><pair kern="-10" kpx2="253"/><pair kern="-60" kpx2="8722"/><pair kern="-10" kpx2="113"/><pair kern="-10" kpx2="248"/><pair kern="-55" kpx2="8249"/><pair kern="-60" kpx2="126"/><pair kern="-40" kpx2="8250"/><pair kern="-10" kpx2="121"/></kerning><kerning kpx1="193"><pair kern="-20" kpx2="71"/><pair kern="-20" kpx2="67"/><pair kern="-20" kpx2="79"/><pair kern="-20" kpx2="8211"/><pair kern="-50" kpx2="84"/><pair kern="-40" kpx2="86"/><pair kern="-20" kpx2="81"/><pair kern="-20" kpx2="216"/><pair kern="-20" kpx2="8212"/><pair kern="-20" kpx2="212"/><pair kern="-20" kpx2="213"/><pair kern="-20" kpx2="214"/><pair kern="-20" kpx2="210"/><pair kern="-20" kpx2="211"/><pair kern="-30" kpx2="171"/><pair kern="-20" kpx2="173"/><pair kern="-20" kpx2="172"/><pair kern="-20" kpx2="45"/><pair kern="-15" kpx2="119"/><pair kern="-20" kpx2="255"/><pair kern="-20" kpx2="118"/><pair kern="-15" kpx2="187"/><pair kern="-20" kpx2="253"/><pair kern="-20" kpx2="8722"/><pair kern="-30" kpx2="8249"/><pair kern="-20" kpx2="126"/><pair kern="-15" kpx2="8250"/><pair kern="-20" kpx2="121"/></kerning><kerning kpx1="192"><pair kern="-20" kpx2="71"/><pair kern="-20" kpx2="67"/><pair kern="-20" kpx2="79"/><pair kern="-20" kpx2="8211"/><pair kern="-50" kpx2="84"/><pair kern="-40" kpx2="86"/><pair kern="-20" kpx2="81"/><pair kern="-20" kpx2="216"/><pair kern="-20" kpx2="8212"/><pair kern="-20" kpx2="212"/><pair kern="-20" kpx2="213"/><pair kern="-20" kpx2="214"/><pair kern="-20" kpx2="210"/><pair kern="-20" kpx2="211"/><pair kern="-30" kpx2="171"/><pair kern="-20" kpx2="173"/><pair kern="-20" kpx2="172"/><pair kern="-20" kpx2="45"/><pair kern="-15" kpx2="119"/><pair kern="-20" kpx2="255"/><pair kern="-20" kpx2="118"/><pair kern="-15" kpx2="187"/><pair kern="-20" kpx2="253"/><pair kern="-20" kpx2="8722"/><pair kern="-30" kpx2="8249"/><pair kern="-20" kpx2="126"/><pair kern="-15" kpx2="8250"/><pair kern="-20" kpx2="121"/></kerning><kerning kpx1="195"><pair kern="-20" kpx2="71"/><pair kern="-20" kpx2="67"/><pair kern="-20" kpx2="79"/><pair kern="-20" kpx2="8211"/><pair kern="-50" kpx2="84"/><pair kern="-40" kpx2="86"/><pair kern="-20" kpx2="81"/><pair kern="-20" kpx2="216"/><pair kern="-20" kpx2="8212"/><pair kern="-20" kpx2="212"/><pair kern="-20" kpx2="213"/><pair kern="-20" kpx2="214"/><pair kern="-20" kpx2="210"/><pair kern="-20" kpx2="211"/><pair kern="-30" kpx2="171"/><pair kern="-20" kpx2="173"/><pair kern="-20" kpx2="172"/><pair kern="-20" kpx2="45"/><pair kern="-15" kpx2="119"/><pair kern="-20" kpx2="255"/><pair kern="-20" kpx2="118"/><pair kern="-15" kpx2="187"/><pair kern="-20" kpx2="253"/><pair kern="-20" kpx2="8722"/><pair kern="-30" kpx2="8249"/><pair kern="-20" kpx2="126"/><pair kern="-15" kpx2="8250"/><pair kern="-20" kpx2="121"/></kerning><kerning kpx1="194"><pair kern="-20" kpx2="71"/><pair kern="-20" kpx2="67"/><pair kern="-20" kpx2="79"/><pair kern="-20" kpx2="8211"/><pair kern="-50" kpx2="84"/><pair kern="-40" kpx2="86"/><pair kern="-20" kpx2="81"/><pair kern="-20" kpx2="216"/><pair kern="-20" kpx2="8212"/><pair kern="-20" kpx2="212"/><pair kern="-20" kpx2="213"/><pair kern="-20" kpx2="214"/><pair kern="-20" kpx2="210"/><pair kern="-20" kpx2="211"/><pair kern="-30" kpx2="171"/><pair kern="-20" kpx2="173"/><pair kern="-20" kpx2="172"/><pair kern="-20" kpx2="45"/><pair kern="-15" kpx2="119"/><pair kern="-20" kpx2="255"/><pair kern="-20" kpx2="118"/><pair kern="-15" kpx2="187"/><pair kern="-20" kpx2="253"/><pair kern="-20" kpx2="8722"/><pair kern="-30" kpx2="8249"/><pair kern="-20" kpx2="126"/><pair kern="-15" kpx2="8250"/><pair kern="-20" kpx2="121"/></kerning><kerning kpx1="221"><pair kern="-35" kpx2="8800"/><pair kern="-35" kpx2="8804"/><pair kern="-35" kpx2="8805"/><pair kern="-60" kpx2="171"/><pair kern="-50" kpx2="173"/><pair kern="-50" kpx2="172"/><pair kern="-35" kpx2="43"/><pair kern="-35" kpx2="8776"/><pair kern="-70" kpx2="46"/><pair kern="-70" kpx2="44"/><pair kern="-50" kpx2="45"/><pair kern="-40" kpx2="187"/><pair kern="-30" kpx2="59"/><pair kern="-30" kpx2="58"/><pair kern="-35" kpx2="177"/><pair kern="-35" kpx2="62"/><pair kern="-30" kpx2="183"/><pair kern="-35" kpx2="61"/><pair kern="-40" kpx2="181"/><pair kern="-35" kpx2="60"/><pair kern="-30" kpx2="71"/><pair kern="-65" kpx2="339"/><pair kern="-30" kpx2="67"/><pair kern="-30" kpx2="79"/><pair kern="-50" kpx2="8211"/><pair kern="-30" kpx2="81"/><pair kern="-30" kpx2="216"/><pair kern="-15" kpx2="83"/><pair kern="-50" kpx2="8212"/><pair kern="-30" kpx2="212"/><pair kern="-30" kpx2="213"/><pair kern="-70" kpx2="8218"/><pair kern="-30" kpx2="214"/><pair kern="-70" kpx2="8222"/><pair kern="-30" kpx2="210"/><pair kern="-30" kpx2="211"/><pair kern="-60" kpx2="103"/><pair kern="-65" kpx2="100"/><pair kern="-30" kpx2="8226"/><pair kern="-65" kpx2="101"/><pair kern="-30" kpx2="235"/><pair kern="-30" kpx2="234"/><pair kern="-65" kpx2="99"/><pair kern="-45" kpx2="233"/><pair kern="-70" kpx2="8230"/><pair kern="-45" kpx2="232"/><pair kern="-60" kpx2="97"/><pair kern="-40" kpx2="110"/><pair kern="-65" kpx2="111"/><pair kern="-60" kpx2="230"/><pair kern="-45" kpx2="229"/><pair kern="-30" kpx2="382"/><pair kern="-30" kpx2="228"/><pair kern="-40" kpx2="109"/><pair kern="-30" kpx2="227"/><pair kern="-30" kpx2="226"/><pair kern="-45" kpx2="225"/><pair kern="-45" kpx2="224"/><pair kern="-40" kpx2="119"/><pair kern="-30" kpx2="255"/><pair kern="-40" kpx2="118"/><pair kern="-30" kpx2="252"/><pair kern="-40" kpx2="117"/><pair kern="-45" kpx2="253"/><pair kern="-45" kpx2="250"/><pair kern="-15" kpx2="352"/><pair kern="-60" kpx2="115"/><pair kern="-30" kpx2="251"/><pair kern="-30" kpx2="353"/><pair kern="-50" kpx2="8722"/><pair kern="-40" kpx2="114"/><pair kern="-65" kpx2="113"/><pair kern="-65" kpx2="248"/><pair kern="-45" kpx2="249"/><pair kern="-40" kpx2="112"/><pair kern="-30" kpx2="246"/><pair kern="-60" kpx2="8249"/><pair kern="-35" kpx2="8734"/><pair kern="-35" kpx2="247"/><pair kern="-50" kpx2="126"/><pair kern="-30" kpx2="244"/><pair kern="-30" kpx2="245"/><pair kern="-40" kpx2="8250"/><pair kern="-45" kpx2="242"/><pair kern="-45" kpx2="243"/><pair kern="-40" kpx2="122"/><pair kern="-40" kpx2="121"/><pair kern="-30" kpx2="241"/><pair kern="-40" kpx2="120"/></kerning><kerning kpx1="222"><pair kern="-20" kpx2="65"/><pair kern="-5" kpx2="381"/><pair kern="-20" kpx2="197"/><pair kern="-20" kpx2="196"/><pair kern="-20" kpx2="198"/><pair kern="-20" kpx2="193"/><pair kern="-30" kpx2="376"/><pair kern="-20" kpx2="192"/><pair kern="-20" kpx2="195"/><pair kern="-30" kpx2="74"/><pair kern="-20" kpx2="194"/><pair kern="-30" kpx2="221"/><pair kern="-20" kpx2="84"/><pair kern="-10" kpx2="87"/><pair kern="-15" kpx2="86"/><pair kern="-30" kpx2="89"/><pair kern="-20" kpx2="88"/><pair kern="-5" kpx2="90"/></kerning><kerning kpx1="216"><pair kern="-20" kpx2="65"/><pair kern="-5" kpx2="381"/><pair kern="-20" kpx2="197"/><pair kern="-20" kpx2="196"/><pair kern="-20" kpx2="198"/><pair kern="-20" kpx2="193"/><pair kern="-30" kpx2="376"/><pair kern="-20" kpx2="192"/><pair kern="-20" kpx2="195"/><pair kern="-30" kpx2="74"/><pair kern="-20" kpx2="194"/><pair kern="-30" kpx2="221"/><pair kern="-20" kpx2="84"/><pair kern="-10" kpx2="87"/><pair kern="-15" kpx2="86"/><pair kern="-30" kpx2="89"/><pair kern="-20" kpx2="88"/><pair kern="-5" kpx2="90"/></kerning><kerning kpx1="212"><pair kern="-20" kpx2="65"/><pair kern="-5" kpx2="381"/><pair kern="-20" kpx2="197"/><pair kern="-20" kpx2="196"/><pair kern="-20" kpx2="198"/><pair kern="-20" kpx2="193"/><pair kern="-30" kpx2="376"/><pair kern="-20" kpx2="192"/><pair kern="-20" kpx2="195"/><pair kern="-30" kpx2="74"/><pair kern="-20" kpx2="194"/><pair kern="-30" kpx2="221"/><pair kern="-20" kpx2="84"/><pair kern="-10" kpx2="87"/><pair kern="-15" kpx2="86"/><pair kern="-30" kpx2="89"/><pair kern="-20" kpx2="88"/><pair kern="-5" kpx2="90"/></kerning><kerning kpx1="213"><pair kern="-20" kpx2="65"/><pair kern="-5" kpx2="381"/><pair kern="-20" kpx2="197"/><pair kern="-20" kpx2="196"/><pair kern="-20" kpx2="198"/><pair kern="-20" kpx2="193"/><pair kern="-30" kpx2="376"/><pair kern="-20" kpx2="192"/><pair kern="-20" kpx2="195"/><pair kern="-30" kpx2="74"/><pair kern="-20" kpx2="194"/><pair kern="-30" kpx2="221"/><pair kern="-20" kpx2="84"/><pair kern="-10" kpx2="87"/><pair kern="-15" kpx2="86"/><pair kern="-30" kpx2="89"/><pair kern="-20" kpx2="88"/><pair kern="-5" kpx2="90"/></kerning><kerning kpx1="214"><pair kern="-20" kpx2="65"/><pair kern="-5" kpx2="381"/><pair kern="-20" kpx2="197"/><pair kern="-20" kpx2="196"/><pair kern="-20" kpx2="198"/><pair kern="-20" kpx2="193"/><pair kern="-30" kpx2="376"/><pair kern="-20" kpx2="192"/><pair kern="-20" kpx2="195"/><pair kern="-30" kpx2="74"/><pair kern="-20" kpx2="194"/><pair kern="-30" kpx2="221"/><pair kern="-20" kpx2="84"/><pair kern="-10" kpx2="87"/><pair kern="-15" kpx2="86"/><pair kern="-30" kpx2="89"/><pair kern="-20" kpx2="88"/><pair kern="-5" kpx2="90"/></kerning><kerning kpx1="208"><pair kern="-20" kpx2="65"/><pair kern="-5" kpx2="381"/><pair kern="-20" kpx2="197"/><pair kern="-20" kpx2="196"/><pair kern="-20" kpx2="198"/><pair kern="-20" kpx2="193"/><pair kern="-30" kpx2="376"/><pair kern="-20" kpx2="192"/><pair kern="-20" kpx2="195"/><pair kern="-30" kpx2="74"/><pair kern="-20" kpx2="194"/><pair kern="-30" kpx2="221"/><pair kern="-20" kpx2="84"/><pair kern="-10" kpx2="87"/><pair kern="-15" kpx2="86"/><pair kern="-30" kpx2="89"/><pair kern="-20" kpx2="88"/><pair kern="-5" kpx2="90"/></kerning><kerning kpx1="210"><pair kern="-20" kpx2="65"/><pair kern="-5" kpx2="381"/><pair kern="-20" kpx2="197"/><pair kern="-20" kpx2="196"/><pair kern="-20" kpx2="198"/><pair kern="-20" kpx2="193"/><pair kern="-30" kpx2="376"/><pair kern="-20" kpx2="192"/><pair kern="-20" kpx2="195"/><pair kern="-30" kpx2="74"/><pair kern="-20" kpx2="194"/><pair kern="-30" kpx2="221"/><pair kern="-20" kpx2="84"/><pair kern="-10" kpx2="87"/><pair kern="-15" kpx2="86"/><pair kern="-30" kpx2="89"/><pair kern="-20" kpx2="88"/><pair kern="-5" kpx2="90"/></kerning><kerning kpx1="211"><pair kern="-20" kpx2="65"/><pair kern="-5" kpx2="381"/><pair kern="-20" kpx2="197"/><pair kern="-20" kpx2="196"/><pair kern="-20" kpx2="198"/><pair kern="-20" kpx2="193"/><pair kern="-30" kpx2="376"/><pair kern="-20" kpx2="192"/><pair kern="-20" kpx2="195"/><pair kern="-30" kpx2="74"/><pair kern="-20" kpx2="194"/><pair kern="-30" kpx2="221"/><pair kern="-20" kpx2="84"/><pair kern="-10" kpx2="87"/><pair kern="-15" kpx2="86"/><pair kern="-30" kpx2="89"/><pair kern="-20" kpx2="88"/><pair kern="-5" kpx2="90"/></kerning><kerning kpx1="235"><pair kern="-30" kpx2="221"/><pair kern="-10" kpx2="86"/><pair kern="-30" kpx2="89"/><pair kern="-30" kpx2="376"/></kerning><kerning kpx1="234"><pair kern="-30" kpx2="221"/><pair kern="-10" kpx2="86"/><pair kern="-30" kpx2="89"/><pair kern="-30" kpx2="376"/></kerning><kerning kpx1="233"><pair kern="-30" kpx2="221"/><pair kern="-40" kpx2="84"/><pair kern="-10" kpx2="86"/><pair kern="-30" kpx2="89"/><pair kern="-30" kpx2="376"/></kerning><kerning kpx1="232"><pair kern="-55" kpx2="221"/><pair kern="-50" kpx2="84"/><pair kern="-5" kpx2="87"/><pair kern="-20" kpx2="86"/><pair kern="-55" kpx2="89"/><pair kern="-55" kpx2="376"/></kerning><kerning kpx1="231"><pair kern="-20" kpx2="171"/><pair kern="-10" kpx2="100"/><pair kern="-10" kpx2="101"/><pair kern="-10" kpx2="339"/><pair kern="-10" kpx2="99"/><pair kern="-50" kpx2="173"/><pair kern="-50" kpx2="172"/><pair kern="-10" kpx2="111"/><pair kern="-60" kpx2="376"/><pair kern="-50" kpx2="45"/><pair kern="-50" kpx2="8211"/><pair kern="-8" kpx2="119"/><pair kern="-60" kpx2="221"/><pair kern="-65" kpx2="84"/><pair kern="-5" kpx2="87"/><pair kern="-20" kpx2="86"/><pair kern="-50" kpx2="8722"/><pair kern="-10" kpx2="248"/><pair kern="-10" kpx2="113"/><pair kern="-50" kpx2="8212"/><pair kern="-20" kpx2="8249"/><pair kern="-50" kpx2="126"/><pair kern="-60" kpx2="89"/><pair kern="-5" kpx2="88"/></kerning><kerning kpx1="230"><pair kern="-65" kpx2="376"/><pair kern="-10" kpx2="119"/><pair kern="-70" kpx2="84"/><pair kern="-15" kpx2="118"/><pair kern="-65" kpx2="221"/><pair kern="-15" kpx2="255"/><pair kern="-10" kpx2="87"/><pair kern="-30" kpx2="86"/><pair kern="-15" kpx2="253"/><pair kern="-65" kpx2="89"/><pair kern="-20" kpx2="88"/><pair kern="-15" kpx2="121"/><pair kern="-15" kpx2="120"/></kerning><kerning kpx1="229"><pair kern="-55" kpx2="221"/><pair kern="-50" kpx2="84"/><pair kern="-5" kpx2="87"/><pair kern="-20" kpx2="86"/><pair kern="-55" kpx2="89"/><pair kern="-55" kpx2="376"/></kerning><kerning kpx1="228"><pair kern="-30" kpx2="221"/><pair kern="-10" kpx2="86"/><pair kern="-30" kpx2="89"/><pair kern="-30" kpx2="376"/></kerning><kerning kpx1="227"><pair kern="-30" kpx2="221"/><pair kern="-10" kpx2="86"/><pair kern="-30" kpx2="89"/><pair kern="-30" kpx2="376"/></kerning><kerning kpx1="226"><pair kern="-30" kpx2="221"/><pair kern="-10" kpx2="86"/><pair kern="-30" kpx2="89"/><pair kern="-30" kpx2="376"/></kerning><kerning kpx1="225"><pair kern="-30" kpx2="221"/><pair kern="-40" kpx2="84"/><pair kern="-10" kpx2="86"/><pair kern="-30" kpx2="89"/><pair kern="-30" kpx2="376"/></kerning><kerning kpx1="224"><pair kern="-55" kpx2="221"/><pair kern="-50" kpx2="84"/><pair kern="-5" kpx2="87"/><pair kern="-20" kpx2="86"/><pair kern="-55" kpx2="89"/><pair kern="-55" kpx2="376"/></kerning><kerning kpx1="254"><pair kern="-65" kpx2="376"/><pair kern="-10" kpx2="119"/><pair kern="-70" kpx2="84"/><pair kern="-15" kpx2="118"/><pair kern="-65" kpx2="221"/><pair kern="-15" kpx2="255"/><pair kern="-10" kpx2="87"/><pair kern="-30" kpx2="86"/><pair kern="-15" kpx2="253"/><pair kern="-65" kpx2="89"/><pair kern="-20" kpx2="88"/><pair kern="-15" kpx2="121"/><pair kern="-15" kpx2="120"/></kerning><kerning kpx1="255"><pair kern="-15" kpx2="339"/><pair kern="-20" kpx2="65"/><pair kern="-20" kpx2="197"/><pair kern="-20" kpx2="196"/><pair kern="-20" kpx2="198"/><pair kern="-20" kpx2="193"/><pair kern="-20" kpx2="192"/><pair kern="-20" kpx2="195"/><pair kern="-20" kpx2="194"/><pair kern="-10" kpx2="8211"/><pair kern="-30" kpx2="221"/><pair kern="-10" kpx2="86"/><pair kern="-10" kpx2="8212"/><pair kern="-45" kpx2="8218"/><pair kern="-30" kpx2="89"/><pair kern="-45" kpx2="8222"/><pair kern="-15" kpx2="171"/><pair kern="-15" kpx2="100"/><pair kern="-15" kpx2="101"/><pair kern="-15" kpx2="99"/><pair kern="-10" kpx2="173"/><pair kern="-45" kpx2="8230"/><pair kern="-10" kpx2="172"/><pair kern="-15" kpx2="111"/><pair kern="-45" kpx2="46"/><pair kern="-30" kpx2="376"/><pair kern="-45" kpx2="44"/><pair kern="-10" kpx2="45"/><pair kern="-10" kpx2="8722"/><pair kern="-15" kpx2="113"/><pair kern="-15" kpx2="248"/><pair kern="-15" kpx2="8249"/><pair kern="-10" kpx2="126"/></kerning><kerning kpx1="252"><pair kern="-30" kpx2="221"/><pair kern="-10" kpx2="86"/><pair kern="-30" kpx2="89"/><pair kern="-30" kpx2="376"/></kerning><kerning kpx1="253"><pair kern="-15" kpx2="339"/><pair kern="-20" kpx2="65"/><pair kern="-20" kpx2="197"/><pair kern="-20" kpx2="196"/><pair kern="-20" kpx2="198"/><pair kern="-20" kpx2="193"/><pair kern="-20" kpx2="192"/><pair kern="-20" kpx2="195"/><pair kern="-20" kpx2="194"/><pair kern="-10" kpx2="8211"/><pair kern="-30" kpx2="221"/><pair kern="-40" kpx2="84"/><pair kern="-10" kpx2="86"/><pair kern="-10" kpx2="8212"/><pair kern="-45" kpx2="8218"/><pair kern="-30" kpx2="89"/><pair kern="-45" kpx2="8222"/><pair kern="-15" kpx2="171"/><pair kern="-15" kpx2="100"/><pair kern="-15" kpx2="101"/><pair kern="-15" kpx2="99"/><pair kern="-10" kpx2="173"/><pair kern="-45" kpx2="8230"/><pair kern="-10" kpx2="172"/><pair kern="-15" kpx2="111"/><pair kern="-45" kpx2="46"/><pair kern="-30" kpx2="376"/><pair kern="-45" kpx2="44"/><pair kern="-10" kpx2="45"/><pair kern="-10" kpx2="8722"/><pair kern="-15" kpx2="113"/><pair kern="-15" kpx2="248"/><pair kern="-15" kpx2="8249"/><pair kern="-10" kpx2="126"/></kerning><kerning kpx1="250"><pair kern="-30" kpx2="221"/><pair kern="-40" kpx2="84"/><pair kern="-10" kpx2="86"/><pair kern="-30" kpx2="89"/><pair kern="-30" kpx2="376"/></kerning><kerning kpx1="251"><pair kern="-30" kpx2="221"/><pair kern="-10" kpx2="86"/><pair kern="-30" kpx2="89"/><pair kern="-30" kpx2="376"/></kerning><kerning kpx1="248"><pair kern="-5" kpx2="119"/><pair kern="-10" kpx2="255"/><pair kern="-40" kpx2="221"/><pair kern="-10" kpx2="118"/><pair kern="-70" kpx2="84"/><pair kern="-10" kpx2="253"/><pair kern="-15" kpx2="86"/><pair kern="-40" kpx2="89"/><pair kern="-40" kpx2="376"/><pair kern="-10" kpx2="121"/></kerning><kerning kpx1="249"><pair kern="-55" kpx2="221"/><pair kern="-50" kpx2="84"/><pair kern="-5" kpx2="87"/><pair kern="-20" kpx2="86"/><pair kern="-55" kpx2="89"/><pair kern="-55" kpx2="376"/></kerning><kerning kpx1="246"><pair kern="-30" kpx2="221"/><pair kern="-10" kpx2="86"/><pair kern="-30" kpx2="89"/><pair kern="-30" kpx2="376"/></kerning><kerning kpx1="247"><pair kern="-35" kpx2="221"/><pair kern="-40" kpx2="84"/><pair kern="-20" kpx2="50"/><pair kern="-5" kpx2="87"/><pair kern="-25" kpx2="49"/><pair kern="-15" kpx2="86"/><pair kern="-40" kpx2="55"/><pair kern="-35" kpx2="89"/><pair kern="-35" kpx2="376"/><pair kern="-25" kpx2="88"/></kerning><kerning kpx1="244"><pair kern="-30" kpx2="221"/><pair kern="-10" kpx2="86"/><pair kern="-30" kpx2="89"/><pair kern="-30" kpx2="376"/></kerning><kerning kpx1="245"><pair kern="-30" kpx2="221"/><pair kern="-10" kpx2="86"/><pair kern="-30" kpx2="89"/><pair kern="-30" kpx2="376"/></kerning><kerning kpx1="242"><pair kern="-55" kpx2="221"/><pair kern="-50" kpx2="84"/><pair kern="-5" kpx2="87"/><pair kern="-20" kpx2="86"/><pair kern="-55" kpx2="89"/><pair kern="-55" kpx2="376"/></kerning><kerning kpx1="243"><pair kern="-30" kpx2="221"/><pair kern="-40" kpx2="84"/><pair kern="-10" kpx2="86"/><pair kern="-30" kpx2="89"/><pair kern="-30" kpx2="376"/></kerning><kerning kpx1="241"><pair kern="-30" kpx2="221"/><pair kern="-10" kpx2="86"/><pair kern="-30" kpx2="89"/><pair kern="-30" kpx2="376"/></kerning></font-metrics>