<fop version="1.0">
  
  <!-- The font metrics file is generated using the explanations at: http://xmlgraphics.apache.org/fop/trunk/fonts.html -->
  
  <!-- Strict user configuration -->
  <strict-configuration>true</strict-configuration>
  <!-- Strict FO validation -->
  <strict-validation>true</strict-validation>
  <!-- Base URL for resolving relative URLs -->
  <!--<base>./</base>-->
  <!-- Font Base URL for resolving relative font URLs -->
  <font-base>./fonts</font-base>

  <!-- Source resolution in dpi (dots/pixels per inch) for determining the size of pixels in SVG and bitmap images, default: 72dpi -->
  <source-resolution>72</source-resolution>
  <!-- Target resolution in dpi (dots/pixels per inch) for specifying the target resolution for generated bitmaps, default: 72dpi -->
  <target-resolution>150</target-resolution>
  
  <renderers>
    <renderer mime="application/pdf">
      <fonts>
        <font metrics-url="file:///var/www/documentation/guide/fonts/Share-Regular.xml" embed-url="file:///var/www/documentation/guide/fonts/Share-Regular.ttf" kerning="yes">
          <font-triplet name="Share" style="normal" weight="normal" />
        </font>
      </fonts>
    </renderer>
  </renderers>
</fop>
