<?xml version="1.0" encoding="utf-8" standalone="yes" ?>
<T3locallang>
	<meta type="array">
		<type>database</type>
		<description>Language labels for database tables/fields belonging to extension 'mb_fileref'</description>
	</meta>
	<data type="array">
		<languageKey index="default" type="array">
			<label index="tx_mbfileref_file">Filereference Test</label>
			<label index="tx_mbfileref_file.single_fileref">Singel file referernce</label>
			<label index="tx_mbfileref_file.multiple_fileref">Multiple file references</label>
			<label index="tx_mbfileref_file.single_file">Normal file</label>
			<label index="tx_mbfileref_file.multiple_file">Normal files</label>
		</languageKey>
	</data>
</T3locallang>