{"modules":[{"config":{"position":[230,198]},"name":"New Model Object","value":{"actionGroup":{"_default0_list":true,"_default1_show":true,"_default2_new_create":true,"_default3_edit_update":true,"_default4_delete":true,"customActions":[]},"name":"Father","objectsettings":{"aggregateRoot":true,"description":"","mapToTable":"","parentClass":"","sorting":false,"type":"Entity","uid":"194153315439"},"propertyGroup":{"properties":[{"propertyDescription":"","propertyIsExcludeField":false,"propertyIsRequired":false,"propertyName":"name","propertyType":"String","uid":"357926609387"}]},"relationGroup":{"relations":[{"foreignRelationClass":"","lazyLoading":false,"propertyIsExcludeField":false,"relationDescription":"","relationName":"children1","relationType":"manyToOne","relationWire":"[wired]","uid":"1338645786653"}]}}},{"config":{"position":[555,102]},"name":"New Model Object","value":{"actionGroup":{"_default0_list":false,"_default1_show":false,"_default2_new_create":false,"_default3_edit_update":false,"_default4_delete":false,"customActions":[]},"name":"Child1","objectsettings":{"aggregateRoot":false,"description":"","mapToTable":"","parentClass":"","sorting":false,"type":"Entity","uid":"651542983949"},"propertyGroup":{"properties":[{"propertyDescription":"","propertyIsExcludeField":false,"propertyIsRequired":false,"propertyName":"name","propertyType":"String","uid":"135017888515"}]},"relationGroup":{"relations":[]}}}],"properties":{"backendModules":[],"description":"","emConf":{"category":"plugin","custom_category":"","dependsOn":"extbase => 6.0\nfluid => 6.0\ntypo3 => 6.0\n","disableLocalization":false,"disableVersioning":false,"priority":"","shy":false,"state":"alpha","targetVersion":"6.0","version":""},"extensionKey":"ztest","name":"ztest","originalExtensionKey":"ztest","persons":[],"plugins":[{"actions":{"controllerActionCombinations":"Father=>list,show,new,create,edit,update,delete\n","noncacheableActions":"Father=>create,update,delete\n","switchableActions":""},"key":"foo","name":"Foo"}],"vendorName":"DEMO"},"wires":[{"src":{"moduleId":0,"terminal":"relationWire_0","uid":"1338645786653"},"tgt":{"moduleId":1,"terminal":"SOURCES","uid":"651542983949"}}],"log":{"last_modified":"2014-01-17 11:30","extension_builder_version":"2.5.2","be_user":"Nico de Haen (2)"}}